Date(UTC),UnixTimeStamp,Supply,MarketCap,Price
7/30/2015,1438214400,72049306.59375,0.0,0.00
7/31/2015,1438300800,72085498.3125,0.0,0.00
8/1/2015,1438387200,72113204.25,0.0,0.00
8/2/2015,1438473600,72141427.6875,0.0,0.00
8/3/2015,1438560000,72169404.40625,0.0,0.00
8/4/2015,1438646400,72197882.84375,0.0,0.00
8/5/2015,1438732800,72225411.4375,0.0,0.00
8/6/2015,1438819200,72252486.90625,0.0,0.00
8/7/2015,1438905600,72279924.5625,216.8397736875,3.00
8/8/2015,1438992000,72307868.0,86.7694416,1.20
8/9/2015,1439078400,72335046.28125,86.8020555375,1.20
8/10/2015,1439164800,72362863.625,0.0,0.00
8/11/2015,1439251200,72390891.4375,71.666982523125,0.99
8/12/2015,1439337600,72418262.375,93.41955846375,1.29
8/13/2015,1439424000,72446530.5,136.19947734,1.88
8/14/2015,1439510400,72477637.21875,129.7349706215625,1.79
8/15/2015,1439596800,72506149.875,129.78600827625,1.79
8/17/2015,1439769600,72534268.78125,94.294549415625,1.30
8/16/2015,1439683200,72561363.3125,99.409067738125,1.37
8/18/2015,1439856000,72587526.125,98.71903553,1.36
8/19/2015,1439942400,72614808.15625,90.04236211375,1.24
8/20/2015,1440028800,72635865.1875,110.406515085,1.52
8/21/2015,1440115200,72662556.125,104.63408082,1.44
8/22/2015,1440201600,72690106.59375,101.76614923125,1.40
8/23/2015,1440288000,72716362.21875,98.1670889953125,1.35
8/24/2015,1440374400,72743695.5,90.20218242,1.24
8/25/2015,1440460800,72770431.59375,92.4184481240625,1.27
8/26/2015,1440547200,72796569.5625,85.89995208375,1.18
8/27/2015,1440633600,72821102.375,83.0160567075,1.14
8/28/2015,1440720000,72845327.53125,94.698925790625,1.30
8/29/2015,1440806400,72867852.53125,85.984065986875,1.18
8/30/2015,1440892800,72889306.125,96.213884085,1.32
8/31/2015,1440979200,72910599.5625,95.512885426875,1.31
9/1/2015,1441065600,72930942.53125,99.1860818425,1.36
9/2/2015,1441152000,72949329.875,83.1622360575,1.14
9/3/2015,1441238400,72966710.8125,89.749054299375,1.23
9/4/2015,1441324800,72989792.6875,98.536220128125,1.35
9/5/2015,1441411200,73015421.75,100.0311277975,1.37
9/6/2015,1441497600,73041590.03125,97.875730641875,1.34
9/7/2015,1441584000,73067050.5,93.52582464,1.28
9/8/2015,1441670400,73092943.0,92.09710818,1.26
9/9/2015,1441756800,73119370.65625,88.4744384940625,1.21
9/10/2015,1441843200,73145814.875,87.04351970125,1.19
9/11/2015,1441929600,73173054.71875,67.31921034125,0.92
9/12/2015,1442016000,73199455.8125,84.179374184375,1.15
9/13/2015,1442102400,73225627.21875,65.1708082246875,0.89
9/14/2015,1442188800,73251215.34375,70.32116673,0.96
9/15/2015,1442275200,73276830.65625,69.6129891234375,0.95
9/16/2015,1442361600,73303148.78125,68.904959854375,0.94
9/17/2015,1442448000,73328584.40625,64.5291542775,0.88
9/18/2015,1442534400,73354486.125,62.35131320625,0.85
9/19/2015,1442620800,73381665.8125,65.309682573125,0.89
9/20/2015,1442707200,73409648.46875,65.3345871371875,0.89
9/21/2015,1442793600,73436300.34375,69.030122323125,0.94
9/22/2015,1442880000,73462670.65625,59.5047632315625,0.81
9/23/2015,1442966400,73489750.96875,66.8756733815625,0.91
9/24/2015,1443052800,73516136.75,58.8129094,0.80
9/25/2015,1443139200,73543140.1875,50.0093353275,0.68
9/26/2015,1443225600,73569050.5,56.648168885,0.77
9/27/2015,1443312000,73594061.59375,51.515843115625,0.70
9/28/2015,1443398400,73618775.8125,44.1712654875,0.60
9/29/2015,1443484800,73643144.25,50.07733809,0.68
9/30/2015,1443571200,73668238.0,52.30444898,0.71
10/1/2015,1443657600,73695660.03125,47.9021790203125,0.65
10/2/2015,1443744000,73722573.15625,48.656898283125,0.66
10/3/2015,1443830400,73749026.90625,50.14933829625,0.68
10/4/2015,1443916800,73774507.0625,45.002449308125,0.61
10/5/2015,1444003200,73800643.9375,45.018392801875,0.61
10/6/2015,1444089600,73825680.5,47.986692325,0.65
10/7/2015,1444176000,73851814.09375,44.31108845625,0.60
10/8/2015,1444262400,73878596.28125,45.804729694375,0.62
10/9/2015,1444348800,73904043.9375,47.29858812,0.64
10/10/2015,1444435200,73929543.625,47.31490792,0.64
10/11/2015,1444521600,73956054.40625,44.37363264375,0.60
10/12/2015,1444608000,73982854.40625,46.6091982759375,0.63
10/13/2015,1444694400,74009522.6875,44.4057136125,0.60
10/14/2015,1444780800,74035398.3125,37.01769915625,0.50
10/15/2015,1444867200,74061008.78125,41.4741649175,0.56
10/16/2015,1444953600,74086450.1875,39.265818599375,0.53
10/17/2015,1445040000,74112900.8125,38.5387084225,0.52
10/18/2015,1445126400,74138749.09375,37.8107620378125,0.51
10/19/2015,1445212800,74164715.8125,37.08235790625,0.50
10/20/2015,1445299200,74190908.3125,32.6439996575,0.44
10/22/2015,1445472000,74216239.09375,45.2719058471875,0.61
10/21/2015,1445385600,74242285.5,31.18175991,0.42
10/23/2015,1445558400,74269844.09375,41.5911126925,0.56
10/24/2015,1445644800,74296959.09375,41.6062970925,0.56
10/25/2015,1445731200,74323773.3125,46.08073945375,0.62
10/26/2015,1445817600,74349688.625,52.78827892375,0.71
10/27/2015,1445904000,74377214.875,61.73308834625,0.83
10/28/2015,1445990400,74403563.3125,73.659527679375,0.99
10/29/2015,1446076800,74431070.34375,83.362798785,1.12
10/30/2015,1446163200,74458794.25,84.883025445,1.14
10/31/2015,1446249600,74486542.0625,64.803291594375,0.87
11/1/2015,1446336000,74514722.21875,73.7695749965625,0.99
11/2/2015,1446422400,74541856.4375,73.796437873125,0.99
11/3/2015,1446508800,74569462.21875,79.043629951875,1.06
11/4/2015,1446595200,74597178.625,59.6777429,0.80
11/5/2015,1446681600,74624470.03125,65.6695336275,0.88
11/6/2015,1446768000,74651892.21875,73.9053732965625,0.99
11/7/2015,1446854400,74678607.53125,69.4511050040625,0.93
11/8/2015,1446940800,74705896.59375,74.70589659375,1.00
11/9/2015,1447027200,74732956.125,74.732956125,1.00
11/10/2015,1447113600,74760400.1875,67.28436016875,0.90
11/11/2015,1447200000,74788226.75,56.0911700625,0.75
11/12/2015,1447286400,74816251.28125,65.8383011275,0.88
11/13/2015,1447372800,74844436.4375,67.35999279375,0.90
11/14/2015,1447459200,74872794.09375,65.8880588025,0.88
11/15/2015,1447545600,74900914.25,68.90884111,0.92
11/16/2015,1447632000,74928309.40625,69.6833277478125,0.93
11/17/2015,1447718400,74956103.0,74.956103,1.00
11/18/2015,1447804800,74983355.03125,74.98335503125,1.00
11/19/2015,1447891200,75009918.46875,70.509323360625,0.94
11/20/2015,1447977600,75035048.9375,69.0322450225,0.92
11/21/2015,1448064000,75061831.125,72.05935788,0.96
11/22/2015,1448150400,75088819.71875,72.8361551271875,0.97
11/23/2015,1448236800,75116092.0625,69.1068046975,0.92
11/24/2015,1448323200,75142940.1875,68.380075570625,0.91
11/25/2015,1448409600,75169412.0625,65.397388494375,0.87
11/26/2015,1448496000,75195950.5,64.66851743,0.86
11/27/2015,1448582400,75223837.375,66.19697689,0.88
11/28/2015,1448668800,75251045.34375,68.4784512628125,0.91
11/29/2015,1448755200,75278393.15625,65.4922020459375,0.87
11/30/2015,1448841600,75305749.40625,66.2690594775,0.88
12/1/2015,1448928000,75333292.21875,65.5399642303125,0.87
12/3/2015,1449100800,75361355.5,62.549925065,0.83
12/2/2015,1449014400,75387362.53125,61.817637275625,0.82
12/4/2015,1449187200,75414041.90625,63.34779520125,0.84
12/5/2015,1449273600,75440623.78125,65.6333426896875,0.87
12/6/2015,1449360000,75466879.5625,62.637510036875,0.83
12/7/2015,1449446400,75493598.46875,59.6399427903125,0.79
12/8/2015,1449532800,75519910.96875,61.1711278846875,0.81
12/9/2015,1449619200,75548235.03125,61.1940703753125,0.81
12/10/2015,1449705600,75575712.375,63.483598395,0.84
12/11/2015,1449792000,75602735.1875,68.04246166875,0.90
12/12/2015,1449878400,75629941.75,72.60474408,0.96
12/13/2015,1449964800,75657849.09375,69.60522116625,0.92
12/14/2015,1450051200,75684557.6875,74.927712110625,0.99
12/15/2015,1450137600,75711572.21875,75.71157221875,1.00
12/16/2015,1450224000,75738029.5625,60.59042365,0.80
12/17/2015,1450310400,75764912.6875,71.21901792625,0.94
12/18/2015,1450396800,75791584.25,68.212425825,0.90
12/19/2015,1450483200,75818278.78125,67.4782681153125,0.89
12/20/2015,1450569600,75844714.875,81.15384491625,1.07
12/21/2015,1450656000,75871172.6875,69.042767145625,0.91
12/22/2015,1450742400,75898547.0625,66.790721415,0.88
12/23/2015,1450828800,75925946.4375,66.055573400625,0.87
12/24/2015,1450915200,75952633.0,66.07879071,0.87
12/25/2015,1451001600,75979436.59375,66.8619042025,0.88
12/26/2015,1451088000,76005996.75,64.6050972375,0.85
12/27/2015,1451174400,76032850.5,69.95022246,0.92
12/28/2015,1451260800,76059908.46875,66.1721203678125,0.87
12/29/2015,1451347200,76086569.5625,65.43444982375,0.86
12/30/2015,1451433600,76113305.8125,67.740842173125,0.89
12/31/2015,1451520000,76140217.84375,72.3332069515625,0.95
1/1/2016,1451606400,76166284.40625,70.07298165375,0.92
1/2/2016,1451692800,76193668.3125,72.383984896875,0.95
1/3/2016,1451779200,76221344.09375,73.17249033,0.96
1/4/2016,1451865600,76248764.71875,72.4363264828125,0.95
1/5/2016,1451952000,76276603.9375,71.70000770125,0.94
1/6/2016,1452038400,76304229.40625,72.4890179359375,0.95
1/7/2016,1452124800,76331251.59375,71.751376498125,0.94
1/8/2016,1452211200,76359248.3125,75.595655829375,0.99
1/9/2016,1452297600,76386844.09375,75.6229756528125,0.99
1/10/2016,1452384000,76414132.0625,76.4141320625,1.00
1/11/2016,1452470400,76441137.21875,82.55642819625,1.08
1/12/2016,1452556800,76467038.0,93.28978636,1.22
1/13/2016,1452643200,76493573.3125,87.20267357625,1.14
1/14/2016,1452729600,76520492.53125,88.76377133625,1.16
1/15/2016,1452816000,76547289.875,91.85674785,1.20
1/16/2016,1452902400,76573813.0,93.42005186,1.22
1/17/2016,1452988800,76600412.84375,100.3465408253125,1.31
1/18/2016,1453075200,76627033.0,112.64173851,1.47
1/19/2016,1453161600,76653125.8125,93.51681349125,1.22
1/20/2016,1453248000,76679668.3125,118.08668920125,1.54
1/21/2016,1453334400,76705587.53125,118.126604798125,1.54
1/22/2016,1453420800,76731842.53125,116.6324006475,1.52
1/23/2016,1453507200,76757612.21875,155.8179528040625,2.03
1/24/2016,1453593600,76784855.1875,161.24819589375,2.10
1/25/2016,1453680000,76810552.21875,192.026380546875,2.50
1/26/2016,1453766400,76837541.4375,176.72634530625,2.30
1/27/2016,1453852800,76863642.21875,186.010014169375,2.42
1/28/2016,1453939200,76890206.90625,196.0700276109375,2.55
1/29/2016,1454025600,76916367.375,185.36844537375,2.41
1/30/2016,1454112000,76942560.5,187.73984762,2.44
1/31/2016,1454198400,76968242.375,169.330133225,2.20
2/1/2016,1454284800,76994673.625,167.07844176625,2.17
2/2/2016,1454371200,77020542.0625,188.700328053125,2.45
2/3/2016,1454457600,77047840.03125,194.9310352790625,2.53
2/4/2016,1454544000,77074402.375,198.08121410375,2.57
2/5/2016,1454630400,77100960.96875,197.37846008,2.56
2/6/2016,1454716800,77127306.75,195.1320860775,2.53
2/7/2016,1454803200,77153991.4375,231.4619743125,3.00
2/8/2016,1454889600,77180646.4375,243.8908427425,3.16
2/9/2016,1454976000,77207117.53125,290.2987619175,3.76
2/10/2016,1455062400,77233278.78125,335.9647626984375,4.35
2/11/2016,1455148800,77259756.59375,492.917247068125,6.38
2/13/2016,1455321600,77286638.15625,403.436251175625,5.22
2/12/2016,1455235200,77313140.1875,407.440248788125,5.27
2/14/2016,1455408000,77339469.25,402.1652401,5.20
2/15/2016,1455494400,77365694.5625,403.84892561625,5.22
2/16/2016,1455580800,77392140.34375,328.9165964609375,4.25
2/17/2016,1455667200,77417812.375,298.8327557675,3.86
2/18/2016,1455753600,77444027.21875,337.65595867375,4.36
2/19/2016,1455840000,77470682.6875,344.744537959375,4.45
2/20/2016,1455926400,77497243.46875,338.6629539584375,4.37
2/21/2016,1456012800,77523780.03125,358.9351015446875,4.63
2/22/2016,1456099200,77550537.84375,434.283011925,5.60
2/23/2016,1456185600,77576707.84375,442.187234709375,5.70
2/24/2016,1456272000,77603134.71875,483.4675292978125,6.23
2/25/2016,1456358400,77629958.46875,460.3456537196875,5.93
2/26/2016,1456444800,77656612.53125,468.2693735634375,6.03
2/27/2016,1456531200,77682812.375,490.17854608625,6.31
2/28/2016,1456617600,77709234.40625,505.110023640625,6.50
2/29/2016,1456704000,77734463.9375,493.613846003125,6.35
3/1/2016,1456790400,77760945.03125,590.2055727871875,7.59
3/2/2016,1456876800,77787589.25,676.752026475,8.70
3/3/2016,1456963200,77813700.5,727.558099675,9.35
3/4/2016,1457049600,77839585.8125,775.2822746925,9.96
3/5/2016,1457136000,77866168.0,856.5278480000001,11.00
3/6/2016,1457222400,77891567.6875,855.24941320875,10.98
3/7/2016,1457308800,77917553.15625,740.216754984375,9.50
3/8/2016,1457395200,77943376.28125,770.08055765875,9.88
3/9/2016,1457481600,77969119.5625,900.543330946875,11.55
3/10/2016,1457568000,77995747.0625,866.532749864375,11.11
3/11/2016,1457654400,78022049.5625,877.748057578125,11.25
3/12/2016,1457740800,78048419.71875,1034.1415612734377,13.25
3/13/2016,1457827200,78075670.1875,1171.1350528125,15.00
3/14/2016,1457913600,78102078.15625,976.275976953125,12.50
3/15/2016,1458000000,78133301.75,1022.7649199075,13.09
3/16/2016,1458086400,78164791.90625,1009.88911142875,12.92
3/17/2016,1458172800,78196816.4375,871.11253511375,11.14
3/18/2016,1458259200,78228103.625,840.95211396875,10.75
3/19/2016,1458345600,78260182.0625,825.644920759375,10.55
3/20/2016,1458432000,78291777.21875,787.615278820625,10.06
3/21/2016,1458518400,78323160.1875,937.528227444375,11.97
3/22/2016,1458604800,78354872.0625,858.769397805,10.96
3/23/2016,1458691200,78386166.125,963.36598167625,12.29
3/24/2016,1458777600,78418237.21875,872.7949802446875,11.13
3/25/2016,1458864000,78450127.0625,838.631858298125,10.69
3/26/2016,1458950400,78482062.375,863.302686125,11.00
3/27/2016,1459036800,78513693.15625,824.393778140625,10.50
3/28/2016,1459123200,78544999.71875,909.551096743125,11.58
3/29/2016,1459209600,78576437.53125,921.7016122415623,11.73
3/30/2016,1459296000,78608138.0,933.86467944,11.88
3/31/2016,1459382400,78639526.90625,897.2770020003125,11.41
4/1/2016,1459468800,78671411.59375,914.9485168353124,11.63
4/2/2016,1459555200,78702492.84375,913.7359419159377,11.61
4/3/2016,1459641600,78734222.53125,911.742296911875,11.58
4/4/2016,1459728000,78766175.65625,874.304549784375,11.10
4/5/2016,1459814400,78797750.5,818.708627695,10.39
4/6/2016,1459900800,78829013.15625,850.5650519559375,10.79
4/7/2016,1459987200,78860180.5,794.91061944,10.08
4/8/2016,1460073600,78892094.875,768.4090040825,9.74
4/9/2016,1460160000,78923008.46875,722.93475757375,9.16
4/10/2016,1460246400,78954790.1875,694.80215365,8.80
4/11/2016,1460332800,78985756.75,688.75579886,8.72
4/12/2016,1460419200,79017139.5625,594.999060905625,7.53
4/13/2016,1460505600,79048625.65625,633.969977763125,8.02
4/14/2016,1460592000,79080026.75,670.59862684,8.48
4/15/2016,1460678400,79111760.1875,650.29866874125,8.22
4/16/2016,1460764800,79143291.4375,671.13511139,8.48
4/17/2016,1460851200,79174794.5625,748.201808615625,9.45
4/18/2016,1460937600,79206654.09375,706.52335451625,8.92
4/19/2016,1461024000,79237980.65625,694.9170903553126,8.77
4/20/2016,1461110400,79269812.0625,676.96419501375,8.54
4/21/2016,1461196800,79301185.96875,646.3046656453125,8.15
4/22/2016,1461283200,79332762.6875,621.175531843125,7.83
4/23/2016,1461369600,79364456.28125,659.5186316971875,8.31
4/24/2016,1461456000,79395951.28125,635.16761025,8.00
4/25/2016,1461542400,79428088.3125,590.150696161875,7.43
4/26/2016,1461628800,79459376.125,595.9453209375,7.50
4/27/2016,1461715200,79491251.125,617.64702124125,7.77
4/28/2016,1461801600,79522933.625,580.5174154625,7.30
4/29/2016,1461888000,79554617.21875,597.4551753128125,7.51
4/30/2016,1461974400,79586508.9375,702.748873918125,8.83
5/1/2016,1462060800,79617521.75,697.44949053,8.76
5/2/2016,1462147200,79649433.3125,798.883816124375,10.03
5/3/2016,1462233600,79681224.5625,746.613074150625,9.37
5/4/2016,1462320000,79712683.3125,751.690603636875,9.43
5/5/2016,1462406400,79744463.3125,780.698295829375,9.79
5/6/2016,1462492800,79776200.96875,739.5253829803125,9.27
5/7/2016,1462579200,79807774.09375,742.212299071875,9.30
5/8/2016,1462665600,79839623.3125,753.68604407,9.44
5/9/2016,1462752000,79871424.71875,744.40167837875,9.32
5/10/2016,1462838400,79903125.65625,750.2903499121875,9.39
5/11/2016,1462924800,79934378.78125,796.9457564490625,9.97
5/12/2016,1463011200,79966635.8125,807.66302170625,10.10
5/13/2016,1463097600,79998832.53125,838.3877649275,10.48
5/14/2016,1463184000,80030500.34375,811.509273485625,10.14
5/15/2016,1463270400,80062308.9375,795.81935083875,9.94
5/16/2016,1463356800,80093820.5,884.23577832,11.04
5/17/2016,1463443200,80126012.6875,982.34491554875,12.26
5/18/2016,1463529600,80158417.0625,1065.305362760625,13.29
5/19/2016,1463616000,80190320.65625,1161.9577463090625,14.49
5/20/2016,1463702400,80222410.34375,1101.4536940196876,13.73
5/21/2016,1463788800,80254249.875,1119.54678575625,13.95
5/22/2016,1463875200,80286506.125,1140.87125203625,14.21
5/23/2016,1463961600,80318586.75,1080.2849917875,13.45
5/24/2016,1464048000,80350590.03125,1014.024446194375,12.62
5/25/2016,1464134400,80382947.0625,1007.198326693125,12.53
5/26/2016,1464220800,80414991.4375,994.733444081875,12.37
5/28/2016,1464393600,80447310.03125,929.97090396125,11.56
5/27/2016,1464307200,80479631.75,894.1287087425,11.11
5/29/2016,1464480000,80511604.09375,988.68249827125,12.28
5/30/2016,1464566400,80543608.15625,1005.18422979,12.48
5/31/2016,1464652800,80575141.125,1115.96570458125,13.85
6/1/2016,1464739200,80607285.34375,1114.7987563040624,13.83
6/2/2016,1464825600,80639467.53125,1111.211862580625,13.78
6/3/2016,1464912000,80671739.71875,1111.656573324375,13.78
6/4/2016,1464998400,80703881.28125,1102.415018301875,13.66
6/5/2016,1465084800,80735464.40625,1118.1861820265624,13.85
6/6/2016,1465171200,80767836.28125,1127.51899448625,13.96
6/7/2016,1465257600,80799782.21875,1164.3248617721874,14.41
6/8/2016,1465344000,80832085.1875,1167.2153101075,14.44
6/9/2016,1465430400,80864311.125,1171.72386820125,14.49
6/10/2016,1465516800,80895475.34375,1130.1097905521874,13.97
6/11/2016,1465603200,80927850.8125,1133.799189883125,14.01
6/12/2016,1465689600,80960067.6875,1260.548253894375,15.57
6/13/2016,1465776000,80992291.90625,1421.4147229546875,17.55
6/14/2016,1465862400,81024437.375,1515.1569789125,18.70
6/15/2016,1465948800,81056304.40625,1483.330370634375,18.30
6/16/2016,1466035200,81088182.0625,1671.227432308125,20.61
6/17/2016,1466121600,81121598.46875,1256.5735602809375,15.49
6/18/2016,1466208000,81155985.65625,921.931997055,11.36
6/19/2016,1466294400,81189181.125,1001.06260327125,12.33
6/20/2016,1466380800,81220895.96875,950.284482834375,11.70
6/21/2016,1466467200,81252884.40625,1032.7241608034376,12.71
6/22/2016,1466553600,81285555.03125,1073.7821819628123,13.21
6/24/2016,1466726400,81317726.90625,1158.7776084140626,14.25
6/23/2016,1466640000,81349575.03125,1104.727228924375,13.58
6/25/2016,1466812800,81381260.96875,1162.12440663375,14.28
6/26/2016,1466899200,81413575.65625,1125.135615569375,13.82
6/27/2016,1466985600,81445670.5,1143.49721382,14.04
6/28/2016,1467072000,81477831.90625,989.9556576609376,12.15
6/29/2016,1467158400,81509701.90625,1040.06379632375,12.76
6/30/2016,1467244800,81541688.0,1011.1169312000001,12.40
7/1/2016,1467331200,81574306.28125,997.6537658196877,12.23
7/2/2016,1467417600,81606222.84375,982.53892303875,12.04
7/3/2016,1467504000,81638262.53125,967.4134109953123,11.85
7/4/2016,1467590400,81670403.46875,926.142375335625,11.34
7/5/2016,1467676800,81701981.28125,853.7857043890625,10.45
7/6/2016,1467763200,81734336.125,859.02787267375,10.51
7/7/2016,1467849600,81766232.0625,823.385956869375,10.07
7/8/2016,1467936000,81798181.59375,924.319452009375,11.30
7/9/2016,1468022400,81830979.71875,893.59429852875,10.92
7/10/2016,1468108800,81862945.1875,898.036508706875,10.97
7/11/2016,1468195200,81894930.5,866.44836469,10.58
7/12/2016,1468281600,81926691.59375,863.507329398125,10.54
7/13/2016,1468368000,81958850.1875,855.6503959575,10.44
7/14/2016,1468454400,81990660.96875,946.9921341890623,11.55
7/15/2016,1468540800,82022545.65625,974.42784239625,11.88
7/16/2016,1468627200,82054716.125,951.01415988875,11.59
7/17/2016,1468713600,82086493.46875,918.5478619153123,11.19
7/18/2016,1468800000,82118991.59375,905.7724772790624,11.03
7/19/2016,1468886400,82150765.5,955.413402765,11.63
7/20/2016,1468972800,82182680.34375,1030.570811510625,12.54
7/21/2016,1469059200,82215464.09375,1040.847775426875,12.66
7/22/2016,1469145600,82247154.71875,1218.902832931875,14.82
7/23/2016,1469232000,82279549.71875,1184.82551595,14.40
7/24/2016,1469318400,82311025.96875,1039.5882579853123,12.63
7/25/2016,1469404800,82343017.53125,1139.6273626325,13.84
7/26/2016,1469491200,82373795.03125,995.0754439775,12.08
7/27/2016,1469577600,82406732.84375,1075.4078636109377,13.05
7/28/2016,1469664000,82439087.0625,1060.991050494375,12.87
7/29/2016,1469750400,82471026.4375,1061.402110250625,12.87
7/30/2016,1469836800,82502668.15625,1037.0585387240624,12.57
7/31/2016,1469923200,82534887.6875,978.86376797375,11.86
8/1/2016,1470009600,82566482.0625,911.53396197,11.04
8/2/2016,1470096000,82597837.21875,685.562048915625,8.30
8/3/2016,1470182400,82629544.875,860.9998575975,10.42
8/4/2016,1470268800,82662397.6875,926.645478076875,11.21
8/5/2016,1470355200,82694629.71875,913.7756583921877,11.05
8/6/2016,1470441600,82726219.5625,905.852104209375,10.95
8/7/2016,1470528000,82758510.65625,908.688447005625,10.98
8/8/2016,1470614400,82790686.59375,934.7068516434376,11.29
8/10/2016,1470787200,82822849.5625,1012.09522165375,12.22
8/9/2016,1470700800,82855515.96875,1012.494405138125,12.22
8/11/2016,1470873600,82887720.8125,968.12857909,11.68
8/12/2016,1470960000,82919824.09375,976.795527824375,11.78
8/13/2016,1471046400,82951823.0,958.92307388,11.56
8/14/2016,1471132800,82983791.90625,930.2483072690624,11.21
8/15/2016,1471219200,83016120.8125,930.610714308125,11.21
8/16/2016,1471305600,83048158.0,927.64792486,11.17
8/17/2016,1471392000,83080152.53125,894.7732427615625,10.77
8/18/2016,1471478400,83112941.59375,895.1263809646875,10.77
8/19/2016,1471564800,83144783.0,890.48062593,10.71
8/20/2016,1471651200,83177018.625,938.23677009,11.28
8/21/2016,1471737600,83209710.96875,926.956180191875,11.14
8/22/2016,1471824000,83242003.78125,921.4889818584377,11.07
8/23/2016,1471910400,83274187.6875,916.848806439375,11.01
8/24/2016,1471996800,83306461.125,917.20413698625,11.01
8/25/2016,1472083200,83338596.75,945.8930731125,11.35
8/26/2016,1472169600,83370468.15625,938.751471439375,11.26
8/27/2016,1472256000,83402774.5625,933.277047354375,11.19
8/28/2016,1472342400,83434802.53125,916.9484798184377,10.99
8/29/2016,1472428800,83466728.9375,913.960681865625,10.95
8/30/2016,1472515200,83498603.78125,936.0193483878123,11.21
8/31/2016,1472601600,83530738.3125,964.780027509375,11.55
9/1/2016,1472688000,83562483.0,1020.29791743,12.21
9/2/2016,1472774400,83594867.0625,1009.825994115,12.08
9/3/2016,1472860800,83626363.0,990.97240155,11.85
9/4/2016,1472947200,83658227.0625,979.637838901875,11.71
9/5/2016,1473033600,83690416.75,983.3623968125,11.75
9/6/2016,1473120000,83722098.15625,979.548548428125,11.70
9/7/2016,1473206400,83754365.96875,970.7131015778124,11.59
9/8/2016,1473292800,83786274.5625,954.325667266875,11.39
9/9/2016,1473379200,83818491.4375,982.3527196475,11.72
9/10/2016,1473465600,83850322.0625,1010.396380853125,12.05
9/11/2016,1473552000,83882675.03125,976.39433736375,11.64
9/12/2016,1473638400,83914912.0625,997.748304423125,11.89
9/13/2016,1473724800,83946816.90625,1000.6460575225,11.92
9/14/2016,1473811200,83979345.65625,1005.2327675053124,11.97
9/15/2016,1473897600,84011528.46875,1004.77788048625,11.96
9/16/2016,1473984000,84043767.53125,1059.7919085690623,12.61
9/17/2016,1474070400,84075922.53125,1078.6940860759375,12.83
9/18/2016,1474156800,84105496.4375,1042.067100860625,12.39
9/19/2016,1474243200,84139773.3125,1087.927268930625,12.93
9/20/2016,1474329600,84172265.8125,1239.01575276,14.72
9/21/2016,1474416000,84204349.5625,1155.2836759975,13.72
9/22/2016,1474502400,84235955.1875,1104.333372508125,13.11
9/23/2016,1474588800,84270235.1875,1125.850342105,13.36
9/24/2016,1474675200,84303560.03125,1088.3589600034377,12.91
9/25/2016,1474761600,84337950.5,1100.610254025,13.05
9/26/2016,1474848000,84370081.28125,1087.5303477153122,12.89
9/27/2016,1474934400,84405365.65625,1104.8662364403124,13.09
9/29/2016,1475107200,84437679.09375,1112.0442336646877,13.17
9/28/2016,1475020800,84470082.53125,1123.452097665625,13.30
9/30/2016,1475193600,84501705.8125,1118.8025849575,13.24
10/1/2016,1475280000,84536184.40625,1116.7229960065624,13.21
10/2/2016,1475366400,84571945.1875,1118.886834830625,13.23
10/3/2016,1475452800,84605219.71875,1137.9402052171874,13.45
10/4/2016,1475539200,84637271.125,1127.368451385,13.32
10/5/2016,1475625600,84670352.6875,1108.334916679375,13.09
10/6/2016,1475712000,84703194.5625,1090.130114019375,12.87
10/7/2016,1475798400,84739746.4375,1074.4999848275,12.68
10/8/2016,1475884800,84775841.125,1037.65629537,12.24
10/9/2016,1475971200,84809266.75,1022.799757005,12.06
10/10/2016,1476057600,84842397.6875,996.04974885125,11.74
10/11/2016,1476144000,84874877.21875,997.2798073203123,11.75
10/12/2016,1476230400,84907969.875,999.36680542875,11.77
10/13/2016,1476316800,84942796.125,1021.0124094225,12.02
10/14/2016,1476403200,84975709.875,1011.2109475125,11.90
10/15/2016,1476489600,85007917.0625,1016.6946880675,11.96
10/16/2016,1476576000,85040847.375,1014.53730918375,11.93
10/17/2016,1476662400,85073225.1875,1019.17723774625,11.98
10/18/2016,1476748800,85106545.5,1063.83181875,12.50
10/19/2016,1476835200,85139695.1875,1019.97354834625,11.98
10/20/2016,1476921600,85174224.25,1026.3494022125,12.05
10/21/2016,1477008000,85206351.125,1028.44065807875,12.07
10/22/2016,1477094400,85238053.78125,1027.970928601875,12.06
10/23/2016,1477180800,85269385.65625,1018.9691585921877,11.95
10/24/2016,1477267200,85301447.53125,1017.6462690478123,11.93
10/25/2016,1477353600,85333112.0625,971.09081527125,11.38
10/26/2016,1477440000,85365068.9375,981.69829278125,11.50
10/27/2016,1477526400,85396513.9375,976.082154305625,11.43
10/28/2016,1477612800,85427593.0,946.53773044,11.08
10/29/2016,1477699200,85457222.53125,887.9005420996875,10.39
10/30/2016,1477785600,85489183.0,959.18863326,11.22
10/31/2016,1477872000,85521204.25,933.0363383675,10.91
11/1/2016,1477958400,85551702.6875,919.680803890625,10.75
11/2/2016,1478044800,85582844.71875,926.006379856875,10.82
11/3/2016,1478131200,85614060.65625,929.768698726875,10.86
11/4/2016,1478217600,85644984.25,953.2286747025,11.13
11/5/2016,1478304000,85676408.78125,951.8649015596876,11.11
11/6/2016,1478390400,85708208.9375,940.219052044375,10.97
11/7/2016,1478476800,85741468.0,934.5820012,10.90
11/8/2016,1478563200,85773795.1875,931.50341573625,10.86
11/9/2016,1478649600,85804797.53125,912.9630457325,10.64
11/10/2016,1478736000,85836008.3125,902.9948074475,10.52
11/11/2016,1478822400,85867347.6875,883.575007704375,10.29
11/12/2016,1478908800,85899297.6875,855.5570049675,9.96
11/13/2016,1478995200,85931721.90625,870.4883429103126,10.13
11/15/2016,1479168000,85963158.9375,878.54348434125,10.22
11/14/2016,1479081600,85995043.15625,859.9504315625,10.00
11/16/2016,1479254400,86026624.5625,861.126511870625,10.01
11/17/2016,1479340800,86057433.15625,856.2714599046875,9.95
11/18/2016,1479427200,86090533.9375,820.442788424375,9.53
11/19/2016,1479513600,86122865.03125,835.391790803125,9.70
11/20/2016,1479600000,86155325.1875,824.506462044375,9.57
11/21/2016,1479686400,86187136.75,823.94902733,9.56
11/22/2016,1479772800,86218314.25,848.38821222,9.84
11/23/2016,1479859200,86250939.875,843.5341919775,9.78
11/24/2016,1479945600,86283337.53125,795.532372038125,9.22
11/25/2016,1480032000,86316772.375,810.51449260125,9.39
11/26/2016,1480118400,86349268.3125,806.50216603875,9.34
11/27/2016,1480204800,86382979.40625,769.6723465096875,8.91
11/28/2016,1480291200,86416919.25,748.370520705,8.66
11/29/2016,1480377600,86449890.34375,707.160103011875,8.18
11/30/2016,1480464000,86481730.34375,742.8780636528124,8.59
12/1/2016,1480550400,86513478.625,730.173759595,8.44
12/2/2016,1480636800,86545275.03125,662.0713539890625,7.65
12/3/2016,1480723200,86577391.4375,683.96139235625,7.90
12/4/2016,1480809600,86608563.9375,653.02857208875,7.54
12/5/2016,1480896000,86639798.625,579.62025280125,6.69
12/6/2016,1480982400,86671774.25,659.5722020425,7.61
12/7/2016,1481068800,86703484.875,723.97409870625,8.35
12/8/2016,1481155200,86735578.9375,719.90530518125,8.30
12/9/2016,1481241600,86767239.5625,739.2568810725,8.52
12/10/2016,1481328000,86798915.96875,702.2032301871875,8.09
12/11/2016,1481414400,86830698.0,712.0117236000001,8.20
12/12/2016,1481500800,86862037.375,733.98421581875,8.45
12/13/2016,1481587200,86893847.375,729.90831795,8.40
12/14/2016,1481673600,86925697.84375,715.3984932540625,8.23
12/15/2016,1481760000,86957065.65625,674.7868294925,7.76
12/16/2016,1481846400,86988822.0625,682.862253190625,7.85
12/17/2016,1481932800,87020784.40625,666.579208551875,7.66
12/18/2016,1482019200,87052676.90625,686.8456207903125,7.89
12/19/2016,1482105600,87084147.375,662.71036152375,7.61
12/20/2016,1482192000,87115816.28125,661.2090455746875,7.59
12/21/2016,1482278400,87147409.25,685.8501107975,7.87
12/22/2016,1482364800,87178483.3125,666.0436125075,7.64
12/23/2016,1482451200,87209600.65625,624.42074069875,7.16
12/24/2016,1482537600,87240927.53125,630.7519060509375,7.23
12/25/2016,1482624000,87272935.96875,627.4924096153125,7.19
12/26/2016,1482710400,87304580.65625,629.4660265315625,7.21
12/27/2016,1482796800,87335807.21875,624.4510216140625,7.15
12/28/2016,1482883200,87367378.625,661.37105619125,7.57
12/29/2016,1482969600,87399197.375,717.54741044875,8.21
12/30/2016,1483056000,87430878.9375,713.43597213,8.16
12/31/2016,1483142400,87462107.0625,704.069961853125,8.05
1/1/2017,1483228800,87493855.34375,712.199982498125,8.14
1/2/2017,1483315200,87525386.125,729.08646642125,8.33
1/3/2017,1483401600,87556909.40625,839.6707612059375,9.59
1/4/2017,1483488000,87589008.9375,952.96841724,10.88
1/5/2017,1483574400,87620825.96875,893.73242488125,10.20
1/6/2017,1483660800,87652185.5,882.657507985,10.07
1/7/2017,1483747200,87684080.5,857.55030729,9.78
1/8/2017,1483833600,87715764.875,900.84090526625,10.27
1/9/2017,1483920000,87747515.1875,895.0246549125,10.20
1/10/2017,1484006400,87778864.5625,926.067021134375,10.55
1/11/2017,1484092800,87810387.53125,863.1761094321874,9.83
1/12/2017,1484179200,87841944.25,861.7294730925,9.81
1/13/2017,1484265600,87873674.5625,859.40453722125,9.78
1/14/2017,1484352000,87905152.6875,859.71239328375,9.78
1/15/2017,1484438400,87936854.71875,868.81612462125,9.88
1/16/2017,1484524800,87968395.03125,843.6169083496875,9.59
1/17/2017,1484611200,87999691.125,892.3168680075,10.14
1/18/2017,1484697600,88031299.09375,897.0389377653125,10.19
1/19/2017,1484784000,88063420.1875,918.501472555625,10.43
1/20/2017,1484870400,88094541.28125,933.80213758125,10.60
1/21/2017,1484956800,88126065.03125,961.4553694909376,10.91
1/22/2017,1485043200,88157642.84375,944.1683548565624,10.71
1/23/2017,1485129600,88189141.28125,950.678943011875,10.78
1/24/2017,1485216000,88220561.75,927.1981039925,10.51
1/25/2017,1485302400,88251985.34375,927.5283659628124,10.51
1/26/2017,1485388800,88283770.03125,940.2221508328123,10.65
1/27/2017,1485475200,88314884.875,928.18944003625,10.51
1/28/2017,1485561600,88346412.84375,931.171191373125,10.54
1/29/2017,1485648000,88377545.96875,925.3129062928124,10.47
1/30/2017,1485734400,88409461.28125,938.908478806875,10.62
1/31/2017,1485820800,88440875.1875,947.201773258125,10.71
2/1/2017,1485907200,88472207.375,947.53734098625,10.71
2/2/2017,1485993600,88503622.21875,954.069047518125,10.78
2/3/2017,1486080000,88534895.5,969.457105725,10.95
2/4/2017,1486166400,88566656.28125,1002.57454910375,11.32
2/5/2017,1486252800,88598257.84375,994.072453006875,11.22
2/6/2017,1486339200,88629881.4375,1003.2902578725,11.32
2/7/2017,1486425600,88661372.84375,1015.1727190609377,11.45
2/8/2017,1486512000,88693080.8125,1010.214190454375,11.39
2/9/2017,1486598400,88724508.0,970.64611752,10.94
2/10/2017,1486684800,88756004.40625,1006.493089966875,11.34
2/11/2017,1486771200,88787594.25,1014.8422022775,11.43
2/12/2017,1486857600,88819163.9375,1014.31485216625,11.42
2/13/2017,1486944000,88850898.0,1012.01172822,11.39
2/14/2017,1487030400,88882368.9375,1155.4707961875,13.00
2/15/2017,1487116800,88914090.34375,1153.2157517584376,12.97
2/16/2017,1487203200,88945630.1875,1151.845910928125,12.95
2/17/2017,1487289600,88976958.0,1131.78690576,12.72
2/18/2017,1487376000,89008169.71875,1141.9748174915626,12.83
2/19/2017,1487462400,89039436.90625,1141.485581138125,12.82
2/20/2017,1487548800,89070824.71875,1115.16672547875,12.52
2/21/2017,1487635200,89102241.59375,1137.8356251521875,12.77
2/22/2017,1487721600,89133228.9375,1131.100675216875,12.69
2/23/2017,1487808000,89164458.46875,1170.7293396946875,13.13
2/24/2017,1487894400,89195722.0625,1169.355916239375,13.11
2/25/2017,1487980800,89227275.96875,1210.8141348959375,13.57
2/26/2017,1488067200,89259096.125,1302.29021246375,14.59
2/27/2017,1488153600,89290342.53125,1388.4648263609374,15.55
2/28/2017,1488240000,89322198.625,1435.40773190375,16.07
3/1/2017,1488326400,89353343.46875,1568.1511778765625,17.55
3/2/2017,1488412800,89384974.40625,1705.46531167125,19.08
3/3/2017,1488499200,89416273.3125,1741.8290041275,19.48
3/4/2017,1488585600,89447445.96875,1664.6169694784376,18.61
3/5/2017,1488672000,89479007.84375,1719.786530756875,19.22
3/6/2017,1488758400,89510160.96875,1767.8256791328124,19.75
3/7/2017,1488844800,89541229.71875,1693.2246539815626,18.91
3/8/2017,1488931200,89572555.65625,1481.530070554375,16.54
3/9/2017,1489017600,89603365.1875,1586.875597470625,17.71
3/10/2017,1489104000,89634392.21875,1714.7059231446874,19.13
3/11/2017,1489190400,89665627.6875,1923.327713896875,21.45
3/12/2017,1489276800,89696477.21875,2090.8248839690623,23.31
3/13/2017,1489363200,89728090.96875,2552.7641880609367,28.45
3/14/2017,1489449600,89759305.8125,2565.32096012125,28.58
3/15/2017,1489536000,89790683.46875,3158.836244430625,35.18
3/16/2017,1489622400,89822111.4375,4087.804291520625,45.51
3/17/2017,1489708800,89853953.3125,3996.70384334,44.48
3/18/2017,1489795200,89885435.65625,3056.1048123125,34.00
3/19/2017,1489881600,89916430.1875,3877.196469685,43.12
3/20/2017,1489968000,89948100.5,3823.693752255,42.51
3/21/2017,1490054400,89979116.90625,3839.408918389688,42.67
3/22/2017,1490140800,90010489.25,3748.9368772625,41.65
3/23/2017,1490227200,90041470.1875,3889.7915121,43.20
3/24/2017,1490313600,90072311.125,4790.94622873875,53.19
3/25/2017,1490400000,90103373.9375,4561.03278871625,50.62
3/26/2017,1490486400,90134549.40625,4563.512236438438,50.63
3/27/2017,1490572800,90165551.59375,4423.521961189375,49.06
3/28/2017,1490659200,90196107.0625,4532.354379890625,50.25
3/29/2017,1490745600,90227375.34375,4788.366809492813,53.07
3/30/2017,1490832000,90258195.1875,4685.302912183125,51.91
3/31/2017,1490918400,90289403.46875,4506.344127125313,49.91
4/1/2017,1491004800,90320254.40625,4570.20487295625,50.60
4/2/2017,1491091200,90350695.1875,4386.526251353125,48.55
4/3/2017,1491177600,90381881.4375,3988.552427836875,44.13
4/4/2017,1491264000,90412936.75,4017.0467798025,44.43
4/5/2017,1491350400,90444172.0625,4060.94332560625,44.90
4/6/2017,1491436800,90474896.4375,3911.229772993125,43.23
4/7/2017,1491523200,90505970.96875,3829.3076316878132,42.31
4/8/2017,1491609600,90536886.59375,4017.121658164688,44.37
4/9/2017,1491696000,90567128.625,3959.594863485,43.72
4/10/2017,1491782400,90597165.8125,3962.72003263875,43.74
4/11/2017,1491868800,90627616.28125,3964.051936141875,43.74
4/12/2017,1491955200,90657833.3125,4204.71030903375,46.38
4/13/2017,1492041600,90688173.15625,4531.688012617813,49.97
4/14/2017,1492128000,90719162.84375,4292.83078576625,47.32
4/15/2017,1492214400,90749160.96875,4436.726479762188,48.89
4/16/2017,1492300800,90779668.15625,4377.395598494375,48.22
4/17/2017,1492387200,90810315.65625,4353.446532560625,47.94
4/18/2017,1492473600,90840832.375,4531.140718865,49.88
4/19/2017,1492560000,90870444.5625,4350.8768856525,47.88
4/20/2017,1492646400,90900866.75,4486.86678278,49.36
4/21/2017,1492732800,90931344.09375,4389.255979405313,48.27
4/22/2017,1492819200,90961334.40625,4403.438198606563,48.41
4/23/2017,1492905600,90991825.65625,4435.851500742188,48.75
4/24/2017,1492992000,91021611.125,4545.6192595825,49.94
4/25/2017,1493078400,91052368.9375,4560.813160079375,50.09
4/26/2017,1493164800,91081701.125,4852.83303594,53.28
4/27/2017,1493251200,91111031.125,5752.7505052325,63.14
4/28/2017,1493337600,91140713.15625,6600.410446775625,72.42
4/29/2017,1493424000,91169930.8125,6366.396268636875,69.83
4/30/2017,1493510400,91199299.40625,7280.440071600938,79.83
5/1/2017,1493596800,91228656.90625,7072.957769941562,77.53
5/2/2017,1493683200,91258093.3125,7049.687708390625,77.25
5/3/2017,1493769600,91287645.96875,7336.7881065084375,80.37
5/4/2017,1493856000,91317072.53125,8634.029207829686,94.55
5/5/2017,1493942400,91346771.4375,8293.373378810626,90.79
5/6/2017,1494028800,91376474.875,8664.3173476475,94.82
5/7/2017,1494115200,91406355.03125,8268.618876126875,90.46
5/8/2017,1494201600,91435780.96875,8082.008679827812,88.39
5/9/2017,1494288000,91465535.96875,7890.731788024063,86.27
5/10/2017,1494374400,91495150.8125,8036.019095861875,87.83
5/11/2017,1494460800,91524885.34375,8072.49488731875,88.20
5/12/2017,1494547200,91554775.03125,7795.889093910938,85.15
5/13/2017,1494633600,91584028.3125,8055.7311303675,87.96
5/14/2017,1494720000,91612245.8125,8127.838448485,88.72
5/15/2017,1494806400,91640708.15625,8276.9887606725,90.32
5/16/2017,1494892800,91669426.125,8048.575613775,87.80
5/17/2017,1494979200,91697325.03125,7975.833331218125,86.98
5/18/2017,1495065600,91725805.8125,8794.6702613025,95.88
5/19/2017,1495152000,91754187.0625,11412.38578683375,124.38
5/20/2017,1495238400,91782839.09375,11294.796178876875,123.06
5/21/2017,1495324800,91811493.15625,13588.100987125,148.00
5/22/2017,1495411200,91840262.375,14730.25968232625,160.39
5/23/2017,1495497600,91868838.46875,15571.768120453125,169.50
5/24/2017,1495584000,91897482.84375,17738.971113329062,193.03
5/25/2017,1495670400,91926318.0,16301.29397094,177.33
5/26/2017,1495756800,91955285.5,14973.079137965,162.83
5/27/2017,1495843200,91984057.21875,14407.462882172813,156.63
5/28/2017,1495929600,92012880.5,15905.34652323,172.86
5/29/2017,1496016000,92042417.84375,17871.876272720936,194.17
5/30/2017,1496102400,92072237.21875,21045.871983461875,228.58
5/31/2017,1496188800,92100985.65625,21057.969360445,228.64
6/1/2017,1496275200,92129055.03125,20332.882445396874,220.70
6/2/2017,1496361600,92155875.65625,20462.29063071375,222.04
6/3/2017,1496448000,92183405.8125,20676.73792374375,224.30
6/4/2017,1496534400,92210634.5625,22587.91704243,244.96
6/5/2017,1496620800,92238426.90625,22852.070266023442,247.75
6/6/2017,1496707200,92265908.15625,24382.188889370624,264.26
6/7/2017,1496793600,92293678.9375,23605.95426184437,255.77
6/8/2017,1496880000,92321310.1875,23949.07107573937,259.41
6/9/2017,1496966400,92348960.1875,25775.518277933126,279.11
6/10/2017,1497052800,92377118.9375,31034.093107053126,335.95
6/11/2017,1497139200,92405045.65625,31388.145908515,339.68
6/12/2017,1497225600,92433146.28125,36479.66551135813,394.66
6/13/2017,1497312000,92461422.375,35883.35340951375,388.09
6/14/2017,1497398400,92489691.125,31801.65539642,343.84
6/15/2017,1497484800,92517889.875,31889.066282115,344.68
6/16/2017,1497571200,92546260.8125,32725.283285908125,353.61
6/17/2017,1497657600,92574559.875,34076.6954899875,368.10
6/18/2017,1497744000,92603147.375,32552.78439673375,351.53
6/19/2017,1497830400,92631780.34375,33180.70371913125,358.20
6/20/2017,1497916800,92658489.71875,32479.580401113442,350.53
6/21/2017,1498003200,92684640.5,30150.31355465,325.30
6/22/2017,1498089600,92711173.78125,29757.50544856781,320.97
6/23/2017,1498176000,92737276.28125,30311.178752526557,326.85
6/24/2017,1498262400,92763771.28125,28250.278905991876,304.54
6/25/2017,1498348800,92790154.40625,25921.85753493,279.36
6/26/2017,1498435200,92816853.46875,23545.7793879525,253.68
6/27/2017,1498521600,92843435.8125,26566.22072338875,286.14
6/28/2017,1498608000,92870078.46875,29333.94298513937,315.86
6/29/2017,1498694400,92897087.375,27209.5568921375,292.90
6/30/2017,1498780800,92923943.625,26081.892496665,280.68
7/1/2017,1498867200,92950626.75,24260.11358175,261.00
7/2/2017,1498953600,92977339.09375,26404.634529234063,283.99
7/3/2017,1499040000,93004470.34375,25707.36564771594,276.41
7/4/2017,1499126400,93031836.125,25030.21550943125,269.05
7/5/2017,1499212800,93058596.4375,24753.586652375,266.00
7/6/2017,1499299200,93085523.0,24749.57885524,265.88
7/7/2017,1499385600,93112810.96875,22434.600674810627,240.94
7/8/2017,1499472000,93139877.375,22881.67367471625,245.67
7/9/2017,1499558400,93166818.15625,22147.61601210375,237.72
7/10/2017,1499644800,93191251.75,19175.03196008,205.76
7/11/2017,1499731200,93215219.875,17762.16014718125,190.55
7/12/2017,1499817600,93239157.84375,20899.55723067656,224.15
7/13/2017,1499904000,93262929.40625,19157.13832933781,205.41
7/14/2017,1499990400,93286700.65625,18390.540167373125,197.14
7/15/2017,1500076800,93310853.0,15778.865242299998,169.10
7/16/2017,1500163200,93334862.6875,14506.10435889125,155.42
7/17/2017,1500249600,93358380.96875,17735.291632633434,189.97
7/18/2017,1500336000,93382331.28125,21206.193610659066,227.09
7/19/2017,1500422400,93406814.875,18159.21887984875,194.41
7/20/2017,1500508800,93431307.6875,21146.307868911874,226.33
7/21/2017,1500595200,93455149.875,20217.15257245875,216.33
7/22/2017,1500681600,93479457.21875,21544.210505205312,230.47
7/23/2017,1500768000,93503940.5,21348.81969496,228.32
7/24/2017,1500854400,93527999.40625,21088.69330612125,225.48
7/25/2017,1500940800,93552692.0625,19046.39257700437,203.59
7/26/2017,1501027200,93577207.0625,18984.94376884,202.88
7/27/2017,1501113600,93601559.71875,18994.564513725934,202.93
7/28/2017,1501200000,93626244.875,17902.27428254875,191.21
7/29/2017,1501286400,93650737.375,19305.1630024825,206.14
7/30/2017,1501372800,93675455.03125,18433.456041049372,196.78
7/31/2017,1501459200,93699513.625,18864.52307812125,201.33
8/1/2017,1501545600,93720934.09375,21171.559011778125,225.90
8/2/2017,1501632000,93742069.40625,20447.02017889125,218.12
8/3/2017,1501718400,93763035.8125,21039.487605966875,224.39
8/4/2017,1501804800,93784340.8125,20688.8255832375,220.60
8/5/2017,1501891200,93805528.625,23741.24123970125,253.09
8/6/2017,1501977600,93826794.25,24822.81668678,264.56
8/7/2017,1502064000,93848415.8125,25333.44136442625,269.94
8/8/2017,1502150400,93870051.125,27833.40885907375,296.51
8/9/2017,1502236800,93891780.5,27724.36494604,295.28
8/10/2017,1502323200,93913244.25,28012.44249489,298.28
8/11/2017,1502409600,93935146.28125,29056.01944771625,309.32
8/12/2017,1502496000,93957067.21875,28940.65584471937,308.02
8/13/2017,1502582400,93979101.90625,27876.081207431875,296.62
8/14/2017,1502668800,94001140.03125,28121.38105174875,299.16
8/15/2017,1502755200,94023364.40625,26939.57436967875,286.52
8/16/2017,1502841600,94045930.1875,28343.56243990875,301.38
8/17/2017,1502928000,94068463.15625,28248.759485821876,300.30
8/18/2017,1503014400,94090773.625,27532.8421781475,292.62
8/19/2017,1503100800,94113338.0,27577.09030076,293.02
8/20/2017,1503187200,94135470.5,28071.197303099994,298.20
8/21/2017,1503273600,94158216.28125,30304.821910120314,321.85
8/22/2017,1503360000,94180738.9375,29513.41816084437,313.37
8/23/2017,1503446400,94203348.9375,29900.1429527625,317.40
8/24/2017,1503532800,94225880.65625,30649.794459865,325.28
8/25/2017,1503619200,94244701.4375,31106.40615646125,330.06
8/26/2017,1503705600,94263267.21875,31376.471126433124,332.86
8/27/2017,1503792000,94281902.6875,32798.7883069275,347.88
8/28/2017,1503878400,94300328.15625,32784.45208680187,347.66
8/29/2017,1503964800,94319408.3125,35119.83168515937,372.35
8/30/2017,1504051200,94338352.21875,36212.71988268937,383.86
8/31/2017,1504137600,94357118.3125,36641.69975429313,388.33
9/1/2017,1504224000,94375947.6875,36940.63344384125,391.42
9/2/2017,1504310400,94394795.8125,33135.405174061874,351.03
9/3/2017,1504396800,94413437.84375,33276.01616802969,352.45
9/4/2017,1504483200,94432358.9375,28679.10740931875,303.70
9/5/2017,1504569600,94451460.1875,30029.89725201375,317.94
9/6/2017,1504656000,94470348.46875,32017.89050302875,338.92
9/7/2017,1504742400,94489481.125,31688.93728489125,335.37
9/8/2017,1504828800,94508748.3125,28987.72328241,306.72
9/9/2017,1504915200,94527784.09375,28716.595529840313,303.79
9/10/2017,1505001600,94546772.84375,28289.339902578442,299.21
9/11/2017,1505088000,94565618.9375,28175.826162428126,297.95
9/12/2017,1505174400,94584931.4375,27817.42833576875,294.10
9/13/2017,1505260800,94603829.71875,26095.52038962,275.84
9/14/2017,1505347200,94623119.40625,21114.202864310624,223.14
9/15/2017,1505433600,94642655.8125,24566.394169250623,259.57
9/16/2017,1505520000,94661993.78125,24090.53079739031,254.49
9/17/2017,1505606400,94681215.8125,24465.62616595,258.40
9/18/2017,1505692800,94700280.8125,28176.174550143125,297.53
9/19/2017,1505779200,94719653.78125,26805.66202009375,283.00
9/20/2017,1505865600,94738835.8125,26864.1442829925,283.56
9/21/2017,1505952000,94758172.21875,24425.814052827187,257.77
9/22/2017,1506038400,94773915.8125,24919.85342373875,262.94
9/23/2017,1506124800,94788921.59375,27122.902024835625,286.14
9/24/2017,1506211200,94804383.0,26791.718635799996,282.60
9/25/2017,1506297600,94819257.375,27961.25080731375,294.89
9/26/2017,1506384000,94834464.25,27373.01976112,288.64
9/27/2017,1506470400,94849875.34375,29400.615860302187,309.97
9/28/2017,1506556800,94864873.3125,28722.237692825624,302.77
9/29/2017,1506643200,94879725.8125,27759.91017822125,292.58
9/30/2017,1506729600,94894657.21875,28731.25536612094,302.77
10/1/2017,1506816000,94909789.875,28847.83063250625,303.95
10/2/2017,1506902400,94924879.09375,28174.653363815938,296.81
10/3/2017,1506988800,94940057.53125,27704.45818819406,291.81
10/4/2017,1507075200,94955375.96875,27696.584062565,291.68
10/5/2017,1507161600,94970853.0,28015.45192647,294.99
10/6/2017,1507248000,94985877.0625,29286.995474680625,308.33
10/7/2017,1507334400,95000892.21875,29569.977712008123,311.26
10/8/2017,1507420800,95016091.75,29406.5302357075,309.49
10/9/2017,1507507200,95031300.5,28219.544683475,296.95
10/10/2017,1507593600,95046784.875,28367.6634137925,298.46
10/11/2017,1507680000,95062284.71875,28790.563549920626,302.86
10/12/2017,1507766400,95077676.28125,28798.077368827806,302.89
10/13/2017,1507852800,95093113.46875,32030.21340967906,336.83
10/14/2017,1507939200,95108431.28125,32223.687602400314,338.81
10/15/2017,1508025600,95124011.4375,32016.83976963375,336.58
10/16/2017,1508112000,95140181.0,31798.70269563,334.23
10/17/2017,1508198400,95160328.25,30083.986172955,316.14
10/18/2017,1508284800,95180705.65625,29842.958451460625,313.54
10/19/2017,1508371200,95201131.8125,29265.779930480625,307.41
10/20/2017,1508457600,95221606.8125,28859.7645927325,303.08
10/21/2017,1508544000,95241750.03125,28529.666221860938,299.55
10/22/2017,1508630400,95262134.28125,28009.92534271594,294.03
10/23/2017,1508716800,95282604.6875,27181.268639203125,285.27
10/24/2017,1508803200,95303134.15625,28257.379277328124,296.50
10/25/2017,1508889600,95323352.375,28249.07547633125,296.35
10/26/2017,1508976000,95343550.53125,28177.832924005626,295.54
10/27/2017,1509062400,95364021.78125,28262.08149509125,296.36
10/28/2017,1509148800,95384467.15625,27981.033440285937,293.35
10/29/2017,1509235200,95404755.96875,29006.86200473875,304.04
10/30/2017,1509321600,95424854.5625,29276.345379775,306.80
10/31/2017,1509408000,95445491.0,28981.06888724,303.64
11/1/2017,1509494400,95465719.34375,27629.688492468125,289.42
11/2/2017,1509580800,95486016.125,27205.875714335,284.92
11/3/2017,1509667200,95506325.5625,29082.631197036873,304.51
11/4/2017,1509753600,95526513.875,28661.775223055,300.04
11/5/2017,1509840000,95547106.34375,28303.919312209062,296.23
11/6/2017,1509926400,95567346.96875,28366.29992726437,296.82
11/7/2017,1510012800,95587760.75,27896.33209728,291.84
11/8/2017,1510099200,95608013.65625,29385.122997248443,307.35
11/9/2017,1510185600,95628326.75,30568.550928905,319.66
11/10/2017,1510272000,95648853.59375,28394.318677840623,296.86
11/11/2017,1510358400,95669271.875,30062.15530128125,314.23
11/12/2017,1510444800,95689482.59375,29282.89546333937,306.02
11/13/2017,1510531200,95709903.78125,30110.33572958125,314.60
11/14/2017,1510617600,95729953.8125,32042.73014012,334.72
11/15/2017,1510704000,95750447.375,31712.548170599996,331.20
11/16/2017,1510790400,95770669.90625,31634.9676834325,330.32
11/17/2017,1510876800,95791033.90625,31775.80176738125,331.72
11/18/2017,1510963200,95811365.84375,33213.00996973594,346.65
11/19/2017,1511049600,95831788.625,33981.952246425,354.60
11/20/2017,1511136000,95852196.96875,35245.811347379065,367.71
11/21/2017,1511222400,95872590.96875,34563.98649605375,360.52
11/22/2017,1511308800,95893095.40625,36519.92645451625,380.84
11/23/2017,1511395200,95913442.8125,38995.52844427813,406.57
11/24/2017,1511481600,95933855.9375,45130.16384867812,470.43
11/25/2017,1511568000,95954171.0,44581.26738831,464.61
11/26/2017,1511654400,95974531.8125,45159.85619905375,470.54
11/27/2017,1511740800,95994803.5625,45620.5704450425,475.24
11/28/2017,1511827200,96015113.1875,44768.966825935626,466.27
11/29/2017,1511913600,96035538.21875,41047.50974545813,427.42
11/30/2017,1512000000,96055954.34375,41769.93174637969,434.85
12/1/2017,1512086400,96076431.03125,44346.959035404376,461.58
12/2/2017,1512172800,96096636.21875,44008.41552273875,457.96
12/3/2017,1512259200,96116972.75,44483.8961584275,462.81
12/4/2017,1512345600,96137400.96875,44889.43663433844,466.93
12/5/2017,1512432000,96158037.78125,43651.90283117625,453.96
12/6/2017,1512518400,96178679.0,40633.56830392,422.48
12/7/2017,1512604800,96199585.25,40514.4553280375,421.15
12/8/2017,1512691200,96220018.34375,43466.431086605626,451.74
12/9/2017,1512777600,96240582.21875,45508.32170795812,472.86
12/10/2017,1512864000,96260974.53125,42016.95277314531,436.49
12/11/2017,1512950400,96281304.03125,49420.23054620031,513.29
12/12/2017,1513036800,96301877.5625,63224.1086573325,656.52
12/13/2017,1513123200,96322483.90625,67338.08527402031,699.09
12/14/2017,1513209600,96343269.3125,66821.76472976374,693.58
12/15/2017,1513296000,96364099.15625,65939.0621296472,684.27
12/16/2017,1513382400,96384483.40625,66778.06163835218,692.83
12/17/2017,1513468800,96404828.46875,69190.70944030656,717.71
12/18/2017,1513555200,96425392.0625,75789.39390720437,785.99
12/19/2017,1513641600,96446021.5625,78362.39251953125,812.50
12/20/2017,1513728000,96466652.9375,77093.25502806187,799.17
12/21/2017,1513814400,96487067.75,76165.9264111725,789.39
12/22/2017,1513900800,96507639.03125,63485.62018392719,657.83
12/23/2017,1513987200,96528474.3125,67612.4045474475,700.44
12/24/2017,1514073600,96548978.46875,65258.420036812815,675.91
12/25/2017,1514160000,96569425.34375,69833.21424307938,723.14
12/26/2017,1514246400,96589809.03125,72770.76212414374,753.40
12/27/2017,1514332800,96610342.15625,71485.85657509562,739.94
12/28/2017,1514419200,96630776.28125,69254.31105300905,716.69
12/29/2017,1514505600,96651241.625,71483.25830585,739.60
12/30/2017,1514592000,96671784.96875,66992.58026549406,692.99
12/31/2017,1514678400,96692242.34375,71661.52156822344,741.13
1/1/2018,1514764800,96712863.6875,73134.2675204875,756.20
1/2/2018,1514851200,96733424.75,83381.3101317575,861.97
1/3/2018,1514937600,96754023.96875,91055.21195699062,941.10
1/4/2018,1515024000,96774989.84375,91435.91365407032,944.83
1/5/2018,1515110400,96795904.71875,93614.22333064467,967.13
1/6/2018,1515196800,96816855.875,97437.45192115878,"1,006.41"
1/7/2018,1515283200,96838033.8125,108240.7122939219,"1,117.75"
1/8/2018,1515369600,96858637.25,110042.0663660975,"1,136.11"
1/9/2018,1515456000,96879373.0625,124900.7629270975,"1,289.24"
1/10/2018,1515542400,96900455.0,121027.69929045,"1,248.99"
1/11/2018,1515628800,96921488.28125,110424.59002859377,"1,139.32"
1/12/2018,1515715200,96942403.53125,122247.27912501217,"1,261.03"
1/13/2018,1515801600,96963086.75,134295.814410485,"1,385.02"
1/14/2018,1515888000,96984113.0,131847.96194124,"1,359.48"
1/15/2018,1515974400,97004522.375,124038.71271568874,"1,278.69"
1/16/2018,1516060800,97025411.84375,101901.90904301687,"1,050.26"
1/17/2018,1516147200,97046253.21875,99442.32521072094,"1,024.69"
1/18/2018,1516233600,97066810.53125,98325.7670638403,"1,012.97"
1/19/2018,1516320000,97087440.96875,100714.6277633425,"1,037.36"
1/20/2018,1516406400,97108201.90625,111722.98629314062,"1,150.50"
1/21/2018,1516492800,97128476.5625,101896.51347695313,"1,049.09"
1/22/2018,1516579200,97149043.4375,97114.0697818625,999.64
1/23/2018,1516665600,97169529.5,95660.486706865,984.47
1/24/2018,1516752000,97190104.90625,103194.5095873581,"1,061.78"
1/25/2018,1516838400,97210444.34375,101718.0926479697,"1,046.37"
1/26/2018,1516924800,97230845.375,101954.3198433175,"1,048.58"
1/27/2018,1517011200,97251266.5625,107859.4347191375,"1,109.08"
1/28/2018,1517097600,97271829.875,119798.0402374525,"1,231.58"
1/29/2018,1517184000,97292386.625,113828.200655785,"1,169.96"
1/30/2018,1517270400,97312691.5625,103516.37564960936,"1,063.75"
1/31/2018,1517356800,97333229.9375,108167.39176184313,"1,111.31"
2/1/2018,1517443200,97353772.0625,99903.46735281688,"1,026.19"
2/2/2018,1517529600,97374413.65625,89338.10329719969,917.47
2/3/2018,1517616000,97394732.75,94557.6241849925,970.87
2/4/2018,1517702400,97415048.1875,80619.71972949311,827.59
2/5/2018,1517788800,97435682.0,67725.59384456,695.08
2/6/2018,1517875200,97456063.625,76503.98450626124,785.01
2/7/2018,1517961600,97476497.375,73283.80549149874,751.81
2/8/2018,1518048000,97496881.71875,79318.58812228905,813.55
2/9/2018,1518134400,97517153.84375,85608.35901635126,877.88
2/10/2018,1518220800,97537841.5625,82980.31870929686,850.75
2/11/2018,1518307200,97557965.84375,79142.92421108375,811.24
2/12/2018,1518393600,97578451.8125,84431.70699980187,865.27
2/13/2018,1518480000,97598896.25,82078.719768325,840.98
2/14/2018,1518566400,97618948.8125,89820.17099186938,920.11
2/15/2018,1518652800,97639557.21875,90604.62712113906,927.95
2/16/2018,1518739200,97659929.46875,91606.96704027687,938.02
2/17/2018,1518825600,97680480.59375,95216.0020683697,974.77
2/18/2018,1518912000,97700826.6875,89288.78550970626,913.90
2/19/2018,1518998400,97721251.4375,91837.45488844812,939.79
2/20/2018,1519084800,97741658.75,86552.1936563,885.52
2/21/2018,1519171200,97762331.1875,82130.13443061875,840.10
2/22/2018,1519257600,97782732.40625,78678.91997604092,804.63
2/23/2018,1519344000,97803398.65625,83592.56483149687,854.70
2/24/2018,1519430400,97823879.65625,81535.22545468781,833.49
2/25/2018,1519516800,97844094.6875,82216.4358840125,840.28
2/26/2018,1519603200,97864430.0,84909.13675660001,867.62
2/27/2018,1519689600,97884842.75,85314.471244045,871.58
2/28/2018,1519776000,97905411.875,83366.4582115625,851.50
3/1/2018,1519862400,97925799.03125,85182.71480331343,869.87
3/2/2018,1519948800,97946474.0,83803.0031544,855.60
3/3/2018,1520035200,97966909.8125,83825.38638106562,855.65
3/4/2018,1520121600,97987130.09375,84742.20971897781,864.83
3/5/2018,1520208000,98007449.46875,83249.48772774561,849.42
3/6/2018,1520294400,98027893.625,79960.37255097624,815.69
3/7/2018,1520380800,98048510.5625,73647.17773881063,751.13
3/8/2018,1520467200,98068810.90625,68533.4271256147,698.83
3/9/2018,1520553600,98089185.21875,71302.99051921375,726.92
3/10/2018,1520640000,98109651.125,66940.2149625875,682.30
3/11/2018,1520726400,98130178.8125,70689.0556093725,720.36
3/12/2018,1520812800,98150539.25,68412.888868035,697.02
3/13/2018,1520899200,98170920.875,67734.008566915,689.96
3/14/2018,1520985600,98191332.40625,60206.01546489219,613.15
3/15/2018,1521072000,98211826.71875,59964.2129214,610.56
3/16/2018,1521158400,98232360.125,58991.47922586625,600.53
3/17/2018,1521244800,98252774.0,54018.39261746,549.79
3/18/2018,1521331200,98273107.0625,52810.00227324625,537.38
3/19/2018,1521417600,98293416.96875,54606.90779698905,555.55
3/20/2018,1521504000,98313827.28125,54816.840677206565,557.57
3/21/2018,1521590400,98334125.1875,55058.260033733124,559.91
3/22/2018,1521676800,98354609.09375,53100.66990362469,539.89
3/23/2018,1521763200,98374840.53125,53499.18952610969,543.83
3/24/2018,1521849600,98395365.21875,51181.333172185,520.16
3/25/2018,1521936000,98415695.28125,51472.392789046564,523.01
3/26/2018,1522022400,98436127.8125,47864.56714882812,486.25
3/27/2018,1522108800,98456397.96875,44185.26228041563,448.78
3/28/2018,1522195200,98476750.90625,43913.737531624065,445.93
3/29/2018,1522281600,98497151.09375,37813.05630489063,383.90
3/30/2018,1522368000,98517644.46875,38798.21874468313,393.82
3/31/2018,1522454400,98538107.9375,38830.91219493063,394.07
4/1/2018,1522540800,98558310.3125,37338.81586189063,378.85
4/2/2018,1522627200,98578775.5625,37921.2833833825,384.68
4/3/2018,1522713600,98599165.15625,41010.350763439055,415.93
4/4/2018,1522800000,98619464.84375,37342.26036308594,378.65
4/5/2018,1522886400,98640064.25,37617.37490238,381.36
4/6/2018,1522972800,98660497.25,36538.9151565375,370.35
4/7/2018,1523059200,98680750.25,37990.115231245,384.98
4/8/2018,1523145600,98701110.59375,39551.5090371275,400.72
4/9/2018,1523232000,98721405.21875,39391.81511038562,399.02
4/10/2018,1523318400,98741940.3125,41042.08749089063,415.65
4/11/2018,1523404800,98762176.71875,42509.21610328437,430.42
4/12/2018,1523491200,98782375.4375,48793.55434735312,493.95
4/13/2018,1523577600,98803008.59375,48903.5371335625,494.96
4/14/2018,1523664000,98823397.25,49687.4159033275,502.79
4/15/2018,1523750400,98843794.0625,52797.41259848438,534.15
4/16/2018,1523836800,98864379.40625,50585.93701079594,511.67
4/17/2018,1523923200,98884763.28125,49742.00247336719,503.03
4/18/2018,1524009600,98905014.78125,52002.27867168563,525.78
4/19/2018,1524096000,98925677.9375,56115.59081004689,567.25
4/20/2018,1524182400,98946026.1875,61065.5295218775,617.16
4/21/2018,1524268800,98966565.78125,59891.59661383905,605.17
4/22/2018,1524355200,98987019.03125,61503.60453468657,621.33
4/23/2018,1524441600,99007495.15625,63773.69785499531,644.13
4/24/2018,1524528000,99027867.40625,69651.25054018594,703.35
4/25/2018,1524614400,99048454.53125,61185.201817589055,617.73
4/26/2018,1524700800,99069254.9375,65529.35867840938,661.45
4/27/2018,1524787200,99089624.84375,63747.32835072969,643.33
4/28/2018,1524873600,99109892.84375,67694.03901013812,683.02
4/29/2018,1524960000,99130623.59375,68331.73014940781,689.31
4/30/2018,1525046400,99151171.4375,66435.2509099825,670.04
5/1/2018,1525132800,99171622.53125,66525.3161101878,670.81
5/2/2018,1525219200,99192491.9375,68119.45191315874,686.74
5/3/2018,1525305600,99213102.78125,77150.09298475561,777.62
5/4/2018,1525392000,99233695.34375,77820.05622552217,784.21
5/5/2018,1525478400,99254410.625,81049.1666281625,816.58
5/6/2018,1525564800,99275034.96875,78465.9948889503,790.39
5/7/2018,1525651200,99295755.78125,74710.1266498125,752.40
5/8/2018,1525737600,99316134.21875,74267.61200743905,747.79
5/9/2018,1525824000,99336661.34375,74628.65356771905,751.27
5/10/2018,1525910400,99357126.875,71895.81057801875,723.61
5/11/2018,1525996800,99377788.15625,67358.26481230625,677.80
5/12/2018,1526083200,99398399.09375,67952.72155645124,683.64
5/13/2018,1526169600,99418843.90625,72510.13961458436,729.34
5/14/2018,1526256000,99439236.125,72333.09474968625,727.41
5/15/2018,1526342400,99459801.5,70182.81433046,705.64
5/16/2018,1526428800,99480236.46875,70304.672717195,706.72
5/17/2018,1526515200,99500888.75,66504.404022725,668.38
5/18/2018,1526601600,99521581.71875,69025.18343267342,693.57
5/19/2018,1526688000,99542291.09375,69286.41171580469,696.05
5/20/2018,1526774400,99562948.90625,71202.44291030469,715.15
5/21/2018,1526860800,99583657.8125,69382.92190770313,696.73
5/22/2018,1526947200,99604185.5,63830.34623582,640.84
5/23/2018,1527033600,99625074.6875,57484.66434543437,577.01
5/24/2018,1527120000,99645426.96875,60045.337837099054,602.59
5/25/2018,1527206400,99666074.1875,58281.73020262438,584.77
5/26/2018,1527292800,99686784.59375,58392.530943635,585.76
5/27/2018,1527379200,99707207.28125,56797.21355569125,569.64
5/28/2018,1527465600,99727879.8125,51063.666300394376,512.03
5/29/2018,1527552000,99748529.1875,56516.51915234562,566.59
5/30/2018,1527638400,99769208.84375,55583.42163103,557.12
5/31/2018,1527724800,99789952.90625,57601.75451607469,577.23
6/1/2018,1527811200,99810514.8125,57791.28618158562,579.01
6/2/2018,1527897600,99831224.5625,58953.33304089312,590.53
6/3/2018,1527984000,99851711.09375,61812.203235475,619.04
6/4/2018,1528070400,99872516.65625,59055.61782400719,591.31
6/5/2018,1528156800,99892858.25,60757.8331733975,608.23
6/6/2018,1528243200,99913486.34375,60577.546770215624,606.30
6/7/2018,1528329600,99934287.59375,60404.28079316625,604.44
6/8/2018,1528416000,99954979.15625,59928.007753129685,599.55
6/9/2018,1528502400,99975794.9375,59323.63720001375,593.38
6/10/2018,1528588800,99996253.25,52472.033930405,524.74
6/11/2018,1528675200,100017065.28125,53124.06422413594,531.15
6/12/2018,1528761600,100037658.78125,49471.623397091564,494.53
6/13/2018,1528848000,100058188.8125,47657.71533139375,476.30
6/14/2018,1528934400,100078680.5,52023.900484315,519.83
6/15/2018,1529020800,100099210.0625,48799.365897569376,487.51
6/16/2018,1529107200,100119785.1875,49781.55959092875,497.22
6/17/2018,1529193600,100140207.59375,49743.646720119374,496.74
6/18/2018,1529280000,100160825.46875,51846.24808738905,517.63
6/19/2018,1529366400,100181303.65625,53942.62295370781,538.45
6/20/2018,1529452800,100201890.96875,53724.245861805,536.16
6/21/2018,1529539200,100222348.71875,52693.904285857185,525.77
6/22/2018,1529625600,100242996.96875,46328.3034790775,462.16
6/23/2018,1529712000,100263646.15625,47543.01573437064,474.18
6/24/2018,1529798400,100284005.1875,45654.29336160937,455.25
6/25/2018,1529884800,100304539.8125,46021.72895677125,458.82
6/26/2018,1529971200,100325179.25,43097.690502215,429.58
6/27/2018,1530057600,100345767.59375,44327.74283453905,441.75
6/28/2018,1530144000,100366158.40625,42226.0501646775,420.72
6/29/2018,1530230400,100386527.46875,43693.236080773444,435.25
6/30/2018,1530316800,100407167.9375,45526.61808622125,453.42
7/1/2018,1530403200,100427597.84375,45388.25284548281,451.95
7/2/2018,1530489600,100448259.40625,47871.63146783064,476.58
7/3/2018,1530576000,100468751.75,46411.5398709125,461.95
7/4/2018,1530662400,100489223.84375,46947.56048756156,467.19
7/5/2018,1530748800,100509644.84375,46993.28444669531,467.55
7/6/2018,1530835200,100530065.09375,47242.09348950594,469.93
7/7/2018,1530921600,100550584.625,48848.47951667125,485.81
7/8/2018,1531008000,100570999.625,48896.61430767875,486.19
7/9/2018,1531094400,100591649.65625,47426.95097992875,471.48
7/10/2018,1531180800,100612008.59375,43533.809998429686,432.69
7/11/2018,1531267200,100632683.28125,44840.91734329219,445.59
7/12/2018,1531353600,100653193.71875,43372.46770534656,430.91
7/13/2018,1531440000,100673487.21875,43537.25628262063,432.46
7/14/2018,1531526400,100693941.03125,43674.989982894374,433.74
7/15/2018,1531612800,100714551.40625,45283.27660327812,449.62
7/16/2018,1531699200,100734930.21875,48226.84784222656,478.75
7/17/2018,1531785600,100755669.03125,50283.12418673562,499.06
7/18/2018,1531872000,100775998.34375,48273.71872662313,479.02
7/19/2018,1531958400,100796428.90625,47238.24640691406,468.65
7/20/2018,1532044800,100816613.65625,45250.52887347125,448.84
7/21/2018,1532131200,100837183.4375,46489.975052025,461.04
7/22/2018,1532217600,100857953.65625,46157.64249078281,457.65
7/23/2018,1532304000,100878393.21875,45357.951942946565,449.63
7/24/2018,1532390400,100898953.625,48378.02129457875,479.47
7/25/2018,1532476800,100919727.3125,47561.449087835,471.28
7/26/2018,1532563200,100940147.09375,46637.37616172531,462.03
7/27/2018,1532649600,100960660.8125,47420.21277702312,469.69
7/28/2018,1532736000,100981101.875,47314.69528353125,468.55
7/29/2018,1532822400,101001595.15625,47086.94366184375,466.20
7/30/2018,1532908800,101022010.0625,46122.608914135,456.56
7/31/2018,1532995200,101042605.4375,43649.39512294562,431.99
8/1/2018,1533081600,101063032.53125,42433.33546889594,419.87
8/2/2018,1533168000,101083583.28125,41528.16851943594,410.83
8/3/2018,1533254400,101104100.09375,42223.09428115188,417.62
8/4/2018,1533340800,101124702.40625,41148.65265612719,406.91
8/5/2018,1533427200,101145231.875,41349.18224281875,408.81
8/6/2018,1533513600,101165642.1875,40967.02680382813,404.95
8/7/2018,1533600000,101186040.5,38242.25214657,377.94
8/8/2018,1533686400,101206599.5,35986.030584215,355.57
8/9/2018,1533772800,101227126.25,36797.0726631375,363.51
8/10/2018,1533859200,101247570.875,33570.65707502375,331.57
8/11/2018,1533945600,101268207.5,31292.888799575,309.01
8/12/2018,1534032000,101288559.875,31299.17788697375,309.01
8/13/2018,1534118400,101308960.53125,28774.784059690937,284.03
8/14/2018,1534204800,101329292.28125,28200.955334794686,278.31
8/15/2018,1534291200,101349639.59375,28503.57263934625,281.24
8/16/2018,1534377600,101370067.25,29072.935287299995,286.80
8/17/2018,1534464000,101390572.15625,32198.603999660314,317.57
8/18/2018,1534550400,101411041.25,29901.0455125625,294.85
8/19/2018,1534636800,101431496.9375,30390.90511241375,299.62
8/20/2018,1534723200,101451943.15625,27474.200726144063,270.81
8/21/2018,1534809600,101472436.4375,28526.94605567437,281.13
8/22/2018,1534896000,101492737.8125,27440.591522365627,270.37
8/23/2018,1534982400,101513081.65625,28000.353313243442,275.83
8/24/2018,1535068800,101533815.6875,28568.569719991876,281.37
8/25/2018,1535155200,101554238.9375,28187.3945594925,277.56
8/26/2018,1535241600,101574659.5625,27861.92911799375,274.30
8/27/2018,1535328000,101595207.5,29261.45166415,288.02
8/28/2018,1535414400,101615591.09375,30032.487947757814,295.55
8/29/2018,1535500800,101635861.34375,29339.22409410031,288.67
8/30/2018,1535587200,101656354.625,28885.65316669375,284.15
8/31/2018,1535673600,101676780.6875,28638.28204844125,281.66
9/1/2018,1535760000,101697166.625,30037.27513436,295.36
9/2/2018,1535846400,101717669.1875,30008.74676369625,295.02
9/3/2018,1535932800,101737994.09375,29399.22815327094,288.97
9/4/2018,1536019200,101758539.5,29024.588221585,285.23
9/5/2018,1536105600,101778867.875,23233.06216982625,228.27
9/6/2018,1536192000,101799435.875,23365.00652203,229.52
9/7/2018,1536278400,101819656.4375,21905.48088596375,215.14
9/8/2018,1536364800,101839941.6875,20039.045325849373,196.77
9/9/2018,1536451200,101860208.5625,19963.582276164372,195.99
9/10/2018,1536537600,101880645.3125,20084.75041690625,197.14
9/11/2018,1536624000,101900890.4375,18866.949864503124,185.15
9/12/2018,1536710400,101921293.625,18654.65437218375,183.03
9/13/2018,1536796800,101941716.40625,21537.22642514844,211.27
9/14/2018,1536883200,101962148.375,21296.83393108625,208.87
9/15/2018,1536969600,101982585.40625,22602.400403587188,221.63
9/16/2018,1537056000,102003094.53125,22452.92116821875,220.12
9/17/2018,1537142400,102023574.96875,20000.70163687375,196.04
9/18/2018,1537228800,102043752.5,21264.897583475,208.39
9/19/2018,1537315200,102064301.375,21411.0491424475,209.78
9/20/2018,1537401600,102084725.65625,22944.56293849875,224.76
9/21/2018,1537488000,102105445.0625,25290.497687530624,247.69
9/22/2018,1537574400,102125766.59375,24589.842080443126,240.78
9/23/2018,1537660800,102146091.125,24979.82658461875,244.55
9/24/2018,1537747200,102166431.125,23285.77298201,227.92
9/25/2018,1537833600,102186851.375,22399.3578214,219.20
9/26/2018,1537920000,102207454.53125,21893.858835139064,214.21
9/27/2018,1538006400,102227966.65625,23419.404881280312,229.09
9/28/2018,1538092800,102248381.65625,22654.15143975875,221.56
9/29/2018,1538179200,102268621.34375,23656.77748923625,231.32
9/30/2018,1538265600,102289132.4375,23792.4522049625,232.60
10/1/2018,1538352000,102309434.84375,23622.225411073443,230.89
10/2/2018,1538438400,102329949.03125,23066.193811134064,225.41
10/3/2018,1538524800,102350244.5,22513.983282665,219.97
10/4/2018,1538611200,102370614.125,22701.70738836,221.76
10/5/2018,1538697600,102390791.1875,23334.86131163125,227.90
