Emp_ID,Target
394,0
173,0
1090,0
840,0
308,0
1864,0
1606,0
954,0
2422,0
1841,0
1484,0
2727,0
1031,0
2137,0
2568,0
1745,0
2668,0
2617,0
2070,0
1446,0
1043,0
2561,0
945,0
2517,0
1039,0
2594,0
115,0
870,0
329,0
973,0
1892,0
2740,0
1093,0
693,0
1817,0
1753,0
2420,0
1655,0
1573,0
2365,0
1623,0
2625,0
1335,0
450,0
2087,0
2576,0
2771,0
1549,0
1657,0
1957,0
1662,0
1588,0
2615,0
2027,0
2714,0
556,0
377,0
605,0
791,0
1147,0
68,0
2784,0
1181,0
1782,0
2299,0
1238,0
402,0
1109,0
990,0
425,0
569,0
2454,0
926,0
391,0
2110,0
1875,0
117,0
1714,0
1106,0
422,0
150,0
2179,0
2684,0
762,0
718,0
1694,0
1051,0
2104,0
1225,0
63,0
275,0
1733,0
2541,0
140,0
1037,0
407,0
1770,0
946,0
604,0
893,0
2200,0
2114,0
1243,0
2076,0
2597,0
60,0
662,0
765,0
199,0
1526,0
1486,0
1179,0
1161,0
2259,0
1191,0
1811,0
1510,0
434,0
1918,0
753,0
25,0
1414,0
1426,0
716,0
2283,0
1840,0
1678,0
1859,0
2381,0
2008,0
1050,0
581,0
2289,0
713,0
1924,0
2257,0
1504,0
1670,0
2551,0
1874,0
26,0
2308,0
1259,0
77,0
568,0
1370,0
704,0
2494,0
1077,0
592,0
2390,0
832,0
904,0
2567,0
1274,0
2543,0
296,0
1374,0
1852,0
252,0
888,0
1234,0
112,0
2399,0
1265,0
2166,0
320,0
1968,0
2690,0
2228,0
56,0
723,0
560,0
580,0
1679,0
1783,0
371,0
2546,0
2505,0
2224,0
1271,0
213,0
1936,0
1642,0
1213,0
78,0
368,0
943,0
1165,0
1432,0
2223,0
2407,0
1316,0
1139,0
789,0
2552,0
2670,0
2028,0
67,0
2055,0
2198,0
2272,0
2210,0
2398,0
272,0
2754,0
2473,0
1327,0
359,0
2160,0
1563,0
1206,0
1858,0
516,0
41,0
1382,0
1405,0
2730,0
772,0
54,0
1222,0
697,0
453,0
1334,0
992,0
682,0
766,0
1283,0
2148,0
2729,0
1668,0
1290,0
1013,0
906,0
2357,0
87,0
2533,0
1532,0
1977,0
565,0
1598,0
400,0
2109,0
168,0
956,0
2417,0
1276,0
734,0
550,0
532,0
2708,0
2050,0
358,0
1177,0
1267,0
1982,0
933,0
538,0
1057,0
2453,0
188,0
2241,0
552,0
1119,0
2382,0
1284,0
2480,0
1658,0
582,0
2258,0
444,0
1633,0
1958,0
2334,0
2633,0
388,0
537,0
1579,0
2193,0
1263,0
2318,0
351,0
835,0
493,0
341,0
191,0
1929,0
991,0
828,0
234,0
1869,0
570,0
2012,0
323,0
1249,0
1989,0
1830,0
2496,0
446,0
1475,0
1972,0
639,0
1888,0
710,0
2639,0
2014,0
848,0
2781,0
2199,0
357,0
494,0
1178,0
2611,0
2728,0
1149,0
521,0
375,0
2763,0
192,0
658,0
109,0
2052,0
1752,0
2483,0
2386,0
2205,0
2347,0
2569,0
644,0
2449,0
1230,0
1652,0
698,0
1200,0
1078,0
1592,0
210,0
1144,0
1980,0
2096,0
752,0
258,0
2610,0
2217,0
362,0
619,0
1527,0
999,0
431,0
1793,0
501,0
483,0
1605,0
1836,0
2464,0
1914,0
271,0
1805,0
2446,0
1741,0
2078,0
45,0
721,0
265,0
806,0
587,0
1884,0
617,0
1070,0
2082,0
137,0
2788,0
1447,0
960,0
2208,0
865,0
472,0
441,0
2699,0
740,0
1837,0
782,0
2715,0
2344,0
2169,0
889,0
233,0
2497,0
1495,0
509,0
981,0
276,0
31,0
2511,0
1801,0
595,0
2178,0
324,0
52,0
1599,0
1393,0
643,0
1505,0
129,0
1956,0
2276,0
1419,0
2664,0
1372,0
785,0
1097,0
1831,0
409,0
289,0
673,0
225,0
1776,0
1345,0
2322,0
648,0
1399,0
2761,0
1231,0
571,0
1962,0
1594,0
2705,0
2498,0
2090,0
6,0
1073,0
1433,0
2439,0
1666,0
1118,0
1087,0
1871,0
345,0
597,0
1214,0
2587,0
1099,0
959,0
2672,0
1676,0
583,0
1032,0
1341,0
2089,0
1764,0
1116,0
1637,0
1514,0
2423,0
458,0
376,0
1169,0
2686,0
2254,0
1054,0
524,0
122,0
2752,0
988,0
1015,0
218,0
2345,0
39,0
737,0
2424,0
2188,0
1428,0
2646,0
2331,0
642,0
2135,0
1198,0
559,0
875,0
982,0
1114,0
243,0
548,0
1159,0
1489,0
2566,0
2097,0
678,0
712,0
681,0
801,0
1981,0
273,0
547,0
1468,0
1325,0
1518,0
902,0
1712,0
2311,0
237,0
1268,0
2537,0
2378,0
104,0
510,0
1828,0
2277,0
2139,0
1401,0
620,0
348,0
2230,0
531,0
1707,0
1696,0
2565,0
936,0
1056,0
2440,0
1724,0
1815,0
2202,0
1634,0
2043,0
1807,0
2654,0
135,0
1066,0
1586,0
546,0
594,0
449,0
415,0
2058,0
2418,0
331,0
2500,0
2343,0
1965,0
114,0
1416,0
591,0
2426,0
1125,0
1438,0
1322,0
1286,0
1434,0
867,0
2645,0
2640,0
385,0
1725,0
427,0
499,0
1381,0
1550,0
1804,0
543,0
80,0
1710,0
1190,0
1115,0
97,0
1019,0
462,0
1873,0
2764,0
2775,0
2260,0
47,0
1014,0
1622,0
206,0
1199,0
85,0
2018,0
281,0
263,0
403,0
2395,0
1294,0
134,0
646,0
885,0
1462,0
2153,0
14,0
72,0
382,0
2722,0
754,0
1766,0
420,0
294,0
1839,0
2032,0
459,0
963,0
1775,0
1999,0
366,0
793,0
1515,0
2191,0
2538,0
1723,0
202,0
1626,0
1153,0
1379,0
769,0
417,0
498,0
1802,0
181,0
2307,0
1618,0
2,0
2279,0
1351,0
283,0
2469,0
650,0
2627,0
2348,0
2515,0
412,0
751,0
2678,0
1201,0
1529,0
457,0
1026,0
814,0
335,0
1791,0
1625,0
1501,0
763,0
2635,0
1107,0
2411,0
534,0
952,0
1412,0
62,0
2770,0
2140,0
2778,0
2428,0
2571,0
1324,0
2239,0
1227,0
1448,0
2290,0
1209,0
2550,0
1358,0
540,0
306,0
810,0
2631,0
1740,0
2030,0
834,0
1632,0
2298,0
11,0
1521,0
1650,0
1273,0
1619,0
1157,0
398,0
1568,0
148,0
664,0
310,0
825,0
1955,0
1812,0
1194,0
1880,0
599,0
816,0
508,0
309,0
1328,0
1162,0
733,0
2039,0
378,0
2360,0
824,0
1708,0
511,0
2060,0
802,0
1925,0
297,0
715,0
2233,0
1195,0
1145,0
748,0
1971,0
1029,0
288,0
2521,0
575,0
2261,0
561,0
274,0
913,0
622,0
205,0
1210,0
711,0
2088,0
2522,0
1188,0
1111,0
2753,0
638,0
440,0
2660,0
2487,0
2196,0
2725,0
2314,0
819,0
2189,0
2251,0
2134,0
2255,0
448,0
1644,0
624,0
