,Rank,City,"Meal, Inexpensive Restaurant","Meal for 2 People, Mid-range Restaurant, Three-course",McMeal at McDonalds (or Equivalent Combo Meal),Domestic Beer (0.5 liter draught),Imported Beer (0.33 liter bottle),Coke/Pepsi (0.33 liter bottle),Water (0.33 liter bottle),"Milk (regular), (1 liter)",Loaf of Fresh White Bread (500g),Eggs (regular) (12),Local Cheese (1kg),Water (1.5 liter bottle),Bottle of Wine (Mid-Range),Domestic Beer (0.5 liter bottle),Imported Beer (0.33 liter bottle).1,Cigarettes 20 Pack (Marlboro),One-way Ticket (Local Transport),Chicken Fillets (1kg),Monthly Pass (Regular Price),Gasoline (1 liter),Volkswagen Golf 1.4 90 KW Trendline (Or Equivalent New Car),Apartment (1 bedroom) in City Centre,Apartment (1 bedroom) Outside of Centre,Apartment (3 bedrooms) in City Centre,Apartment (3 bedrooms) Outside of Centre,"Basic (Electricity, Heating, Cooling, Water, Garbage) for 85m2 Apartment",1 min. of Prepaid Mobile Tariff Local (No Discounts or Plans),"Internet (60 Mbps or More, Unlimited Data, Cable/ADSL)","Fitness Club, Monthly Fee for 1 Adult",Tennis Court Rent (1 Hour on Weekend),"Cinema, International Release, 1 Seat",1 Pair of Jeans (Levis 501 Or Similar),"1 Summer Dress in a Chain Store (Zara, H&M, ...)",1 Pair of Nike Running Shoes (Mid-Range),1 Pair of Men Leather Business Shoes,Price per Square Meter to Buy Apartment in City Centre,Price per Square Meter to Buy Apartment Outside of Centre,Average Monthly Net Salary (After Tax),"Mortgage Interest Rate in Percentages (%), Yearly, for 20 Years Fixed-Rate",Taxi Start (Normal Tariff),Taxi 1km (Normal Tariff),Taxi 1hour Waiting (Normal Tariff),Apples (1kg),Oranges (1kg),Potato (1kg),Lettuce (1 head),Cappuccino (regular),"Rice (white), (1kg)",Tomato (1kg),Banana (1kg),Onion (1kg),Beef Round (1kg) (or Equivalent Back Leg Red Meat),Toyota Corolla Sedan 1.6l 97kW Comfort (Or Equivalent New Car),"Preschool (or Kindergarten), Full Day, Private, Monthly for 1 Child","International Primary School, Yearly for 1 Child"
0,,"Saint Petersburg, Russia",7.01,28.03,4.2,2.1,2.17,0.74,0.53,0.96,0.71,1.15,7.53,0.61,6.31,0.89,1.82,2.1,0.7,3.95,40.64,0.65,19621.0,521.4,344.6,1014.8,628.06,101.67,0.03,6.83,27.19,19.66,4.91,71.73,37.41,76.54,101.54,2476.95,1479.81,636.17,9.97,1.4,0.28,4.2,1.28,1.31,0.58,0.85,1.95,1.01,2.11,0.92,0.53,7.0,19134.52,397.76,5957.65
1,,"Samara, Russia",6.91,24.17,4.14,0.93,1.93,0.63,0.37,0.8,0.41,1.03,8.29,0.45,6.22,0.79,1.55,1.69,0.39,3.29,23.48,0.62,19336.54,284.79,188.66,610.18,378.53,93.97,0.02,7.09,24.15,12.57,4.14,75.84,46.07,75.96,85.12,1062.88,648.87,385.06,10.84,0.97,0.25,4.14,1.2,0.98,0.44,0.6,1.59,0.87,1.76,0.88,0.37,5.69,17968.4,164.52,5524.72
2,,"Algiers, Algeria",3.12,15.58,3.9,1.75,1.95,0.53,0.19,0.72,0.15,1.14,6.49,0.24,6.43,1.8,1.78,2.1,0.31,3.91,11.69,0.3,23371.77,252.22,164.31,450.5,271.96,32.03,0.07,35.57,22.65,12.46,4.67,41.93,42.63,71.0,83.93,2083.21,1254.99,287.98,6.6,0.19,0.23,3.9,2.13,1.3,0.44,0.55,0.83,1.01,0.7,2.06,0.41,11.14,21334.23,89.08,4189.09
3,,"Istanbul, Turkey",4.42,17.66,3.68,2.65,2.94,0.63,0.22,0.77,0.37,1.62,5.69,0.34,8.0,1.87,2.56,2.65,0.52,3.24,33.49,1.0,27232.69,323.47,190.7,578.83,334.2,67.79,0.12,15.04,25.68,18.19,3.68,38.29,26.43,63.37,51.05,1384.88,691.52,456.05,16.06,0.74,0.46,3.97,0.89,0.87,0.55,0.64,1.83,1.52,0.84,1.91,0.5,9.55,23513.37,284.44,6834.85
4,,"Porto Alegre, Brazil",3.47,17.37,4.34,1.39,2.08,0.77,0.58,0.5,0.86,1.07,5.13,0.58,4.34,0.88,1.2,1.45,0.82,2.46,34.0,0.81,15634.23,192.76,156.68,421.48,359.97,53.6,0.2,21.5,19.79,12.59,5.21,35.77,29.12,56.51,43.19,1110.03,968.32,330.53,9.49,0.9,0.45,3.18,1.01,0.9,0.63,0.52,1.17,0.52,1.06,0.84,0.77,5.15,17797.75,268.17,6735.13
5,,"Izmir, Turkey",4.05,14.73,3.68,2.28,2.95,0.68,0.22,0.78,0.42,1.94,5.99,0.35,7.37,1.89,2.58,2.65,0.52,2.94,22.98,1.01,25020.84,234.09,150.3,381.83,258.96,66.2,0.13,14.01,22.96,10.84,3.68,42.92,25.35,64.7,45.23,959.11,478.74,425.7,21.05,0.59,0.55,7.37,0.82,0.84,0.45,0.57,1.79,1.68,0.79,1.9,0.4,9.04,21957.49,236.67,5354.96
6,,"Helsinki, Finland",14.21,76.51,8.74,6.83,7.65,2.98,2.01,1.1,2.56,2.38,7.41,1.67,15.3,2.69,3.44,8.74,3.06,10.79,65.25,1.7,26230.86,1099.97,851.05,2080.25,1472.01,91.87,0.08,25.18,43.22,28.25,16.39,95.54,39.78,98.42,138.83,8398.22,4929.15,2728.86,1.34,6.56,1.09,51.81,2.41,2.11,1.08,2.42,4.46,2.31,3.08,1.79,1.39,13.04,27403.69,375.88,3303.36
7,,"Milan, Italy",16.41,65.65,8.75,5.47,5.47,2.78,1.29,1.35,2.2,3.4,15.65,0.42,7.66,1.59,2.45,6.24,2.19,10.88,42.67,1.75,26040.47,1276.86,818.5,2743.95,1656.84,195.41,0.22,32.17,69.26,28.22,10.94,94.22,39.2,99.55,151.53,9353.92,4142.68,1807.34,1.91,6.56,1.53,32.82,2.25,2.49,1.45,1.4,1.65,2.64,2.82,2.18,1.49,20.13,27478.04,692.95,13447.94
8,,"Cairo, Egypt",4.73,25.22,5.04,2.05,3.15,0.34,0.22,0.95,0.63,1.12,3.66,0.33,12.61,1.61,2.45,2.71,0.32,4.55,12.61,0.5,28053.76,229.92,137.72,449.91,296.67,32.66,0.01,16.88,30.99,8.63,5.67,46.29,48.76,128.69,77.7,857.1,472.35,269.17,12.97,0.44,0.19,1.26,1.55,0.48,0.52,0.32,1.95,0.71,0.42,0.79,0.39,8.97,23869.34,142.98,3721.31
9,,"Rio de Janeiro, Brazil",4.34,19.98,4.56,1.39,2.08,0.93,0.56,0.64,1.03,1.17,5.5,0.45,6.08,0.91,1.62,1.48,0.73,2.09,31.27,0.87,13462.81,311.8,208.46,597.86,433.54,87.48,0.23,20.19,21.39,16.79,6.08,35.27,33.43,54.64,50.75,1799.33,1130.52,340.65,9.94,1.01,0.53,5.69,1.41,0.81,0.87,0.54,1.14,0.7,1.06,0.87,0.86,4.96,16748.67,357.03,7328.4
10,,"Banja Luka, Bosnia And Herzegovina",4.47,25.17,3.91,1.12,1.68,1.29,0.84,0.78,0.71,1.59,5.42,0.52,5.59,0.55,0.97,3.08,1.01,4.41,26.84,1.27,19574.42,250.6,179.04,448.58,301.52,168.96,0.11,23.17,23.1,11.34,2.8,68.23,30.49,84.15,81.35,1498.84,1103.05,466.43,4.5,1.12,0.84,8.39,1.03,1.38,0.64,0.72,0.95,1.1,1.11,1.21,0.8,8.44,18047.61,163.97,1510.03
11,,"Baku, Azerbaijan",5.87,29.37,4.7,1.17,2.35,0.44,0.22,0.99,0.3,1.22,3.9,0.5,4.7,0.9,2.29,2.79,0.18,3.3,11.75,0.55,17621.15,345.78,187.95,708.81,349.83,48.94,0.03,18.31,36.3,20.77,4.11,53.28,48.19,101.0,90.75,1530.5,742.83,338.28,8.16,1.0,0.47,1.76,0.8,1.37,0.52,0.47,2.34,1.34,1.08,1.32,0.43,6.97,21188.09,225.44,6807.25
12,,"Guadalajara, Mexico",4.3,21.52,3.96,1.29,2.48,0.63,0.49,0.86,1.3,1.26,3.97,0.68,6.46,0.83,1.67,2.26,0.41,4.65,17.22,0.9,15066.05,315.64,213.27,610.57,434.52,20.29,0.05,26.14,22.13,10.16,3.38,40.89,29.33,65.73,53.49,960.17,814.72,469.23,11.27,1.36,0.43,6.46,1.8,1.1,0.98,0.68,1.89,0.97,1.02,0.93,0.94,5.95,14203.38,141.7,2957.11
13,,"Kathmandu, Nepal",2.47,16.5,5.98,2.47,3.3,0.5,0.21,0.73,0.52,1.36,8.18,0.31,8.25,2.09,3.09,2.06,0.16,3.93,8.25,0.89,31119.51,165.41,105.51,336.87,221.62,26.48,0.02,17.13,24.41,8.82,3.3,21.68,31.05,50.38,35.67,1315.76,639.24,201.1,11.56,2.06,0.8,4.12,2.11,1.11,0.39,0.32,1.67,0.82,0.56,1.07,0.46,3.9,47233.92,63.22,1429.11
14,,"Hanoi, Vietnam",1.76,17.1,5.13,0.85,1.71,0.52,0.32,1.47,0.89,1.46,14.77,0.76,8.55,0.73,1.32,1.28,0.3,3.69,8.55,0.9,42743.14,349.46,231.0,746.01,502.33,74.24,0.07,9.57,23.14,8.36,4.27,35.85,30.13,83.02,77.45,2080.17,1075.7,413.66,8.46,0.47,0.51,1.28,3.31,1.84,1.08,0.67,1.78,0.87,1.12,0.97,1.05,8.9,36742.66,204.56,9175.45
15,,"Ho Chi Minh City, Vietnam",2.14,21.41,4.28,0.86,1.71,0.51,0.31,1.36,0.76,1.38,13.0,0.53,10.7,0.83,1.31,1.07,0.26,2.89,7.06,0.93,42813.81,516.66,358.83,1148.44,742.21,63.44,0.09,12.08,25.09,7.64,4.28,42.01,31.17,97.47,85.13,2875.7,1272.82,395.49,9.42,0.51,0.6,1.28,2.79,1.38,1.08,0.86,1.95,0.79,0.88,0.91,1.02,11.02,34400.68,121.41,9218.45
16,,"Mexico City, Mexico",5.59,26.88,5.16,1.72,3.01,0.71,0.59,0.87,1.39,1.37,4.92,0.63,6.45,1.07,2.19,2.41,0.26,4.06,12.9,0.88,15485.23,543.42,327.44,1089.0,694.9,30.04,0.07,24.4,49.36,15.76,3.44,37.91,30.34,70.21,65.26,2084.19,1315.18,556.27,11.48,0.56,0.22,4.3,1.84,0.83,1.04,0.75,1.99,0.91,1.17,0.98,1.12,6.69,13560.16,234.61,4833.7
17,,"Rome, Italy",16.41,65.65,8.75,5.47,4.38,2.05,1.09,1.4,1.75,3.38,13.97,0.48,6.56,1.28,1.85,6.24,1.64,9.67,38.29,1.72,24071.02,1032.52,715.01,1991.97,1255.39,192.23,0.18,32.19,67.89,19.32,9.85,90.91,32.91,85.14,126.35,7319.78,3318.88,1628.56,2.08,4.65,1.56,37.31,2.17,2.21,1.51,1.38,1.36,2.32,2.47,1.88,1.54,17.02,26519.16,515.29,12744.32
18,,"Monterrey, Mexico",5.93,25.42,4.24,1.48,2.12,0.65,0.49,0.84,1.38,1.53,4.95,0.75,8.47,0.88,1.52,2.29,0.55,4.56,21.13,0.85,14700.68,313.51,209.29,680.13,478.25,52.54,0.04,24.13,27.76,7.44,3.39,37.35,28.79,59.8,61.8,952.06,663.84,668.65,10.44,0.61,0.36,6.35,1.91,0.88,1.05,0.72,2.12,0.83,1.13,0.8,1.21,5.93,13192.19,171.23,3939.86
19,,"Yekaterinburg, Russia",5.52,27.62,3.11,1.38,2.76,0.76,0.51,0.73,0.41,0.89,5.98,0.45,5.52,0.81,1.29,2.07,0.39,3.4,27.62,0.62,19749.51,325.07,229.37,536.74,378.58,100.64,0.02,7.05,35.31,15.59,3.45,56.51,35.27,72.54,87.12,1335.54,892.78,518.85,10.48,1.66,0.21,3.31,1.19,1.08,0.41,0.6,1.56,0.81,1.42,0.93,0.36,5.95,18763.37,194.62,3030.62
20,,"Sarajevo, Bosnia And Herzegovina",3.92,26.87,4.48,1.96,2.24,1.6,0.87,0.78,0.58,1.65,7.05,0.6,5.04,0.7,1.1,3.19,1.01,4.29,29.67,1.32,19590.88,280.8,181.78,577.96,337.97,164.92,0.15,25.23,29.37,11.87,4.2,56.3,30.52,75.92,92.16,1946.65,1155.75,570.1,4.61,1.12,0.67,5.6,1.11,1.41,0.62,0.71,1.45,1.2,1.29,1.26,0.92,8.69,19560.9,182.4,3851.01
21,,"Kharkiv, Ukraine",4.51,22.55,4.02,0.94,1.5,0.41,0.32,0.88,0.46,1.0,6.67,0.45,3.76,0.69,1.25,1.69,0.3,3.49,16.34,1.07,22547.36,370.9,234.24,673.44,410.77,117.84,0.04,6.06,19.42,10.06,4.32,61.46,43.16,89.08,107.96,1027.58,583.17,369.38,19.66,1.69,0.3,3.76,0.64,1.11,0.44,0.73,1.15,1.07,1.22,1.02,0.48,4.88,21650.07,188.75,2107.55
22,,"Kiev (Kyiv), Ukraine",5.59,26.09,4.03,1.12,1.86,0.61,0.44,0.98,0.61,1.11,7.36,0.5,4.47,0.8,1.31,1.83,0.3,4.1,13.04,1.09,21467.83,613.15,347.73,1058.28,582.77,101.36,0.04,5.32,22.31,11.91,4.47,65.46,40.62,99.15,109.51,1859.85,823.33,554.02,19.64,1.68,0.26,3.17,0.78,1.2,0.61,0.96,1.23,1.12,1.67,1.09,0.58,6.2,19942.72,302.73,8072.77
23,,"Calgary, Canada",14.28,53.56,7.86,5.0,5.71,1.68,1.55,1.69,1.87,2.45,9.41,1.63,12.14,2.76,3.31,12.5,2.5,8.54,77.84,0.69,18566.55,857.85,693.6,1421.96,1115.81,135.76,0.21,54.21,45.22,17.09,10.71,45.72,36.48,71.63,91.21,3311.33,2080.71,3289.17,3.41,2.71,1.43,21.42,2.94,2.59,1.7,1.85,3.31,2.13,2.69,1.24,1.57,9.35,16576.82,826.16,10988.84
24,,"Tunis, Tunisia",2.07,15.56,4.15,1.73,2.07,0.6,0.26,0.41,0.12,1.05,8.74,0.25,5.19,0.92,1.07,2.42,0.22,3.95,12.1,0.7,24200.52,200.04,133.77,380.98,268.6,35.64,0.07,19.68,27.69,8.03,4.15,44.58,47.45,85.49,54.19,861.06,571.77,313.09,9.98,0.17,0.35,6.22,1.56,0.73,0.52,0.34,0.7,0.65,0.54,1.71,0.53,9.29,25439.35,87.29,1966.0
25,,"Edmonton, Canada",14.35,57.42,7.18,4.31,5.02,1.5,1.31,1.66,1.85,2.35,8.36,1.35,10.77,1.77,3.0,10.05,2.51,11.66,69.62,0.72,17225.63,840.05,695.75,1317.25,1097.01,157.36,0.26,56.6,41.23,14.99,10.05,47.0,34.41,70.19,90.57,2422.25,1764.14,2644.11,3.44,2.69,1.18,21.53,2.97,2.97,2.89,1.71,3.13,2.26,3.23,1.22,1.81,10.53,17685.37,714.0,6382.09
26,,"Amsterdam, Netherlands",17.51,76.59,9.52,5.47,5.0,2.81,2.38,1.14,1.75,3.37,14.77,1.05,7.66,1.44,2.12,7.66,3.5,9.21,106.68,1.85,27905.97,1747.73,1352.85,3059.1,2206.18,197.66,0.18,45.85,39.23,30.31,13.13,96.38,43.06,109.59,154.95,8289.88,5419.07,3192.69,2.32,5.47,2.57,48.08,2.53,2.06,1.74,1.15,3.6,2.22,2.71,1.95,1.39,15.92,30872.73,1803.9,14684.21
27,,"Belgrade, Serbia",6.04,27.89,5.58,1.86,2.32,1.52,1.02,0.9,0.45,1.53,5.63,0.48,4.65,0.67,1.16,3.16,0.84,4.83,30.21,1.47,20451.8,375.28,243.4,715.99,440.11,148.01,0.12,23.09,27.57,14.78,4.65,73.07,30.91,85.21,98.54,2803.07,1567.62,511.95,3.93,1.58,0.65,6.97,0.78,1.16,0.63,0.46,1.59,1.47,1.29,1.17,0.63,7.34,19736.81,274.86,6461.33
28,,"Odessa (Odesa), Ukraine",5.64,22.56,3.76,0.94,1.5,0.56,0.41,0.98,0.49,1.15,6.93,0.49,3.01,0.75,1.41,1.69,0.26,4.05,7.15,1.09,22282.36,346.33,233.27,624.73,412.31,101.15,0.04,6.07,21.15,9.85,4.89,71.39,54.98,95.86,113.9,1159.23,700.88,402.86,19.89,2.07,0.26,4.51,0.66,1.38,0.57,0.78,1.2,0.99,1.37,1.05,0.56,5.61,21672.92,231.43,2954.9
29,,"Paris, France",16.45,57.58,9.87,7.68,6.58,3.3,2.2,1.33,1.8,3.94,21.1,1.12,8.77,2.15,2.66,10.97,2.08,14.89,82.25,1.74,25224.14,1310.24,954.85,2855.64,1913.74,183.38,0.24,30.71,49.7,22.59,12.06,96.04,40.82,102.59,143.52,12579.88,9558.33,2435.97,1.51,5.48,1.65,43.87,3.35,3.15,2.24,1.47,3.84,2.2,3.36,2.44,2.66,24.06,28075.56,934.2,15295.03
30,,"Eindhoven, Netherlands",16.41,65.65,8.75,5.47,3.83,2.87,2.22,1.1,1.27,2.93,12.97,0.94,6.56,1.37,2.0,7.66,4.38,9.38,82.06,1.79,27353.43,1232.0,950.19,1712.29,1373.33,190.36,0.15,43.82,27.57,23.06,13.4,92.13,35.24,92.62,128.97,3957.74,2937.08,2840.13,2.44,3.56,3.28,39.39,2.5,1.86,1.74,1.2,3.04,2.13,2.87,1.99,1.46,16.47,28824.48,1482.39,5952.11
31,,"Thessaloniki, Greece",13.13,41.03,7.66,4.38,5.47,2.02,0.56,1.23,0.98,3.76,8.08,0.89,7.66,1.33,2.53,4.92,1.09,7.34,32.82,1.73,20788.61,403.6,318.02,638.18,514.15,179.89,0.49,32.58,34.87,11.9,8.75,81.91,32.29,83.14,102.58,1951.21,1420.56,738.85,4.62,3.83,1.09,12.97,1.41,1.42,0.96,1.02,3.71,1.63,1.42,1.73,0.86,9.15,20251.33,321.58,7502.66
32,,"Ottawa, Canada",14.28,57.13,7.14,5.0,5.71,1.48,1.25,1.92,2.07,2.22,8.51,1.3,10.71,1.71,2.3,11.43,2.57,9.4,85.33,0.84,17973.85,1070.02,853.48,1861.91,1404.3,105.36,0.18,46.26,40.64,19.41,10.71,46.62,35.28,72.56,93.55,3255.06,2089.67,2953.69,3.31,2.75,1.33,17.14,2.6,3.05,1.71,1.78,3.01,2.87,2.7,1.07,1.46,11.55,16436.39,794.06,10037.04
33,,"Sofia, Bulgaria",6.72,30.78,5.04,1.68,2.24,0.92,0.63,1.16,0.66,1.87,6.43,0.61,5.04,0.8,1.39,3.19,0.9,5.56,27.98,1.26,21859.05,426.28,320.05,763.9,527.9,112.4,0.16,11.54,26.91,13.72,6.72,59.93,30.46,76.17,79.8,1764.7,1137.54,789.19,3.5,0.45,0.45,7.39,1.15,1.32,0.75,0.7,1.39,1.22,1.51,1.43,0.69,8.53,20616.33,376.3,5259.01
34,,"Rotterdam, Netherlands",15.32,54.71,8.75,4.38,4.38,2.45,2.0,1.0,1.35,2.46,10.59,0.82,6.29,1.07,1.78,7.66,4.38,8.73,86.44,1.81,25821.64,1252.98,972.69,2148.49,1424.87,177.5,0.17,42.72,38.39,21.46,13.13,96.57,34.79,98.24,151.16,4132.87,2889.57,2554.38,2.23,3.28,2.33,27.35,2.35,1.65,1.43,1.15,3.17,1.89,3.0,1.92,1.37,14.88,26349.56,1395.03,12217.87
35,,"Varna, Bulgaria",6.71,23.77,3.91,1.12,1.68,0.96,0.59,1.14,0.6,1.72,5.88,0.53,5.31,0.69,1.15,3.13,0.56,5.03,23.49,1.26,20411.53,269.18,199.67,476.7,343.92,87.73,0.14,12.73,26.3,12.64,6.71,45.41,28.61,67.51,72.82,1220.48,814.64,593.41,4.15,0.61,0.5,8.39,1.2,1.38,0.65,0.75,1.38,1.21,1.6,1.53,0.64,8.39,18835.68,291.78,3958.03
36,,"Novi Sad, Serbia",4.96,22.55,4.88,1.67,2.12,1.27,0.87,0.87,0.49,1.39,5.46,0.48,4.65,0.62,1.1,3.07,0.6,4.81,21.38,1.46,22656.05,301.52,224.56,535.68,362.91,138.44,0.11,20.93,24.97,6.97,3.72,67.99,34.65,85.78,93.52,1857.26,1273.25,529.54,3.62,0.93,0.53,4.74,0.78,1.19,0.58,0.46,1.23,1.26,1.03,1.22,0.59,6.52,19830.81,187.94,2595.42
37,,"Utrecht, Netherlands",17.51,76.59,8.75,5.47,5.42,3.05,2.31,1.04,1.29,2.89,12.56,0.94,7.11,1.28,2.0,7.66,3.02,9.3,98.47,1.83,25785.54,1321.82,1049.8,2322.44,1544.16,218.13,0.18,39.19,30.79,25.86,13.13,113.96,42.67,101.75,139.84,5093.69,4116.38,2661.75,2.43,5.47,2.52,39.39,2.44,1.71,1.59,1.16,3.51,2.23,2.84,2.14,1.48,17.67,37044.35,1757.46,7950.73
38,,"Berlin, Germany",9.84,43.72,8.74,3.83,3.83,2.18,1.93,0.99,1.45,2.18,8.85,0.57,5.46,1.03,1.63,7.32,3.11,7.81,88.53,1.58,21859.05,1011.9,736.88,1871.03,1338.38,255.12,0.11,34.53,29.02,21.24,13.12,90.49,37.49,92.19,116.08,6333.72,4112.74,2726.83,1.83,4.26,2.19,32.79,2.36,2.41,1.68,1.24,3.05,2.0,2.53,1.63,1.54,12.47,23618.58,157.82,7167.79
39,,"Beirut, Lebanon",10.0,65.0,9.13,3.5,5.0,0.92,0.45,2.24,1.09,3.56,11.68,0.73,11.96,1.44,2.17,2.62,1.32,8.79,65.6,0.9,23000.0,833.74,426.09,1729.1,812.07,150.5,0.42,62.35,72.72,27.13,10.0,67.6,50.39,119.95,104.31,3895.63,1665.18,898.21,7.81,5.3,2.0,14.5,2.15,1.58,1.16,1.07,4.41,2.07,1.49,1.53,1.3,14.7,20209.61,393.07,5666.18
40,,"Austin, TX, United States",15.0,50.0,7.5,4.0,6.0,1.95,1.43,0.8,2.19,2.3,9.2,1.56,12.0,2.0,2.81,7.0,1.45,7.3,41.25,0.6,21845.0,1723.66,1105.33,3089.66,1919.1,137.05,0.09,63.62,39.44,10.0,12.0,40.28,36.64,78.41,87.52,3530.46,2081.25,4359.31,3.93,2.5,1.5,29.0,4.3,3.99,2.6,1.95,4.26,3.08,4.31,1.2,2.36,10.17,19880.0,943.62,16544.44
41,,"Singapore, Singapore",10.0,49.45,5.65,7.06,8.48,1.33,0.98,2.27,1.72,2.13,13.99,1.33,21.19,3.68,4.57,9.89,1.27,7.2,84.78,1.59,84777.19,1988.16,1330.38,3752.18,2267.42,107.08,0.18,30.98,95.96,9.44,9.18,69.29,36.45,87.05,102.76,19148.66,9827.98,3438.35,2.44,2.65,0.44,12.72,3.24,3.02,2.05,1.49,3.97,2.15,2.01,2.6,1.97,14.93,73365.43,880.83,20785.47
42,,"Toronto, Canada",14.28,63.91,8.57,5.71,6.43,1.75,1.33,2.25,2.22,2.56,14.82,1.46,12.14,2.48,2.69,11.43,2.32,11.28,107.94,0.84,19280.65,1586.18,1273.52,2528.98,1891.46,102.05,0.3,48.78,39.23,21.75,10.71,51.82,34.06,77.98,93.18,7903.95,6011.58,2838.83,3.33,2.86,1.43,24.99,3.01,3.16,2.35,1.87,3.13,2.82,2.83,1.34,2.21,14.89,18389.24,1109.42,17970.99
43,,"Auckland, New Zealand",12.21,54.94,7.33,6.1,6.1,2.07,2.05,1.54,1.63,3.4,6.53,1.32,9.16,3.26,2.87,19.53,2.29,8.84,131.25,1.37,21366.33,1146.97,992.62,2054.5,1648.26,107.47,0.28,51.23,39.77,11.1,10.99,66.82,37.24,87.3,112.92,6900.93,5460.28,2565.15,3.99,2.44,1.62,36.63,2.43,2.66,2.23,1.79,2.94,1.82,3.23,1.91,1.77,11.12,18403.54,744.34,12768.93
44,,"Vancouver, Canada",12.92,57.42,7.54,5.02,5.38,1.64,1.37,1.84,2.56,2.97,13.48,1.87,14.35,2.35,3.16,11.48,2.15,11.73,70.34,1.04,18661.1,1499.06,1176.68,2736.89,2053.77,64.94,0.29,56.28,42.03,12.47,10.77,56.03,38.43,80.26,103.44,9078.18,6695.8,3079.0,3.55,2.69,1.35,24.3,2.86,2.87,2.58,2.1,3.22,3.32,3.49,1.44,2.51,14.05,17416.23,901.25,15482.56
45,,"Tokyo, Japan",7.42,46.4,6.5,4.64,5.57,1.29,0.97,1.82,1.88,2.31,12.59,1.18,12.53,2.87,4.07,4.73,1.86,7.68,92.8,1.3,23519.83,1200.85,720.29,2981.6,1460.78,207.8,0.43,43.95,90.94,32.53,16.7,68.58,45.98,83.13,131.41,11084.57,6628.26,2967.88,1.43,4.36,3.96,32.48,6.9,5.6,3.46,1.76,3.6,5.82,5.62,3.08,3.1,21.66,20508.51,783.08,19791.11
46,,"Victoria, Canada",13.64,53.84,7.18,5.03,5.38,1.77,1.63,1.55,2.36,2.7,10.94,1.93,14.36,2.42,3.07,10.05,1.79,12.85,61.02,1.02,18823.91,1124.65,940.99,1993.36,1631.64,81.6,0.22,54.07,38.35,9.01,10.77,49.68,32.61,79.34,108.06,4736.19,2942.14,2623.88,3.53,2.51,1.44,32.31,3.29,3.27,2.5,2.01,3.28,5.19,3.94,1.28,2.52,11.09,16758.35,725.9,11223.51
47,,"Winnipeg, Canada",10.77,46.66,7.18,4.31,5.03,1.72,1.43,1.29,1.79,2.22,7.62,1.6,10.77,2.04,2.4,12.03,2.12,9.8,71.86,0.78,18007.64,722.61,697.33,1055.45,1055.35,116.15,0.21,53.66,37.0,16.95,10.05,43.78,29.28,68.27,82.26,1952.27,1961.27,2526.99,3.36,2.69,1.26,22.4,2.6,2.73,1.76,1.78,3.3,3.32,3.19,1.29,1.99,8.84,17369.34,434.67,11791.87
48,,"Boston, MA, United States",17.0,75.0,8.5,7.0,8.0,2.11,1.8,0.86,3.17,2.61,15.42,2.15,15.0,2.46,2.82,11.5,2.7,12.26,90.0,0.74,23000.0,2743.45,2001.39,4220.64,2833.89,155.61,0.08,70.99,60.21,18.75,15.0,47.55,32.79,82.27,109.24,10040.48,4725.13,5120.52,4.15,3.0,1.86,28.0,5.38,5.2,2.31,1.97,4.15,5.1,6.4,1.81,5.01,16.9,21367.37,1729.73,27444.44
49,,"Chicago, IL, United States",15.0,70.0,8.0,6.0,7.0,1.98,1.66,0.79,3.11,2.29,11.94,2.42,14.0,1.94,2.0,14.25,2.5,10.18,105.0,0.85,23000.0,1876.9,1269.87,3508.66,2152.17,136.74,0.22,68.32,51.98,23.63,14.5,48.96,40.16,83.04,108.91,4246.95,2115.31,4241.47,4.11,3.25,1.4,24.0,5.08,4.84,3.47,1.65,4.3,4.53,4.3,1.6,2.92,13.22,21806.93,1273.61,18665.59
50,,"Almaty, Kazakhstan",4.8,24.0,4.32,1.2,1.8,0.44,0.32,0.78,0.25,1.0,6.93,0.45,4.8,0.58,1.27,1.13,0.24,3.42,17.28,0.39,15598.78,327.18,212.76,654.67,406.05,54.75,0.03,11.15,40.6,9.82,3.72,52.49,39.36,85.01,88.15,1201.5,760.93,427.99,15.13,1.2,0.36,2.88,1.28,1.5,0.37,1.59,1.82,0.93,1.35,1.29,0.31,6.01,18778.97,164.68,5528.29
51,,"Oslo, Norway",17.54,80.43,11.06,9.05,9.05,2.99,2.49,1.8,2.91,3.88,12.0,1.61,14.08,3.11,3.61,12.06,3.62,12.86,75.4,1.65,35187.76,1321.11,1013.71,2130.09,1640.12,148.8,0.08,45.65,43.38,28.96,14.08,92.57,35.33,100.17,131.17,8357.1,5680.34,3166.68,2.89,10.05,1.41,43.25,2.7,2.58,1.84,1.94,4.24,2.38,3.23,2.34,1.73,27.82,32373.14,320.71,11021.38
52,,"Astana (Nur-Sultan), Kazakhstan",7.24,25.34,4.83,1.21,2.41,0.7,0.47,0.78,0.38,1.13,5.92,0.61,6.76,0.93,1.56,1.21,0.33,3.55,14.48,0.4,16892.86,314.47,215.23,597.37,418.58,41.95,0.02,11.91,54.47,18.64,4.34,54.13,41.26,77.91,91.24,967.63,693.16,546.37,14.14,1.69,0.3,3.62,1.35,1.7,0.4,0.82,1.87,0.73,2.0,1.38,0.32,5.21,20074.58,152.97,5903.88
53,,"Frankfurt, Germany",10.94,60.18,8.75,4.38,4.38,2.68,2.33,0.83,1.3,2.27,9.4,0.61,5.47,0.96,1.33,7.0,3.01,8.83,99.18,1.59,27353.43,1148.49,896.52,2184.76,1623.7,302.04,0.11,34.76,51.27,23.25,13.13,80.63,39.7,95.72,112.89,7278.62,4773.89,3052.4,1.97,3.83,2.19,36.11,2.49,2.01,1.63,1.1,3.09,2.22,2.55,1.73,1.58,10.94,23165.62,482.76,13217.18
54,,"Bratislava, Slovakia",6.56,39.39,6.56,2.19,2.52,1.87,1.56,0.84,1.1,2.04,8.48,0.68,5.74,0.88,1.58,4.27,0.98,6.18,29.54,1.46,18534.69,673.22,519.55,1125.7,855.38,202.63,0.1,16.91,31.06,13.83,8.75,65.65,29.29,72.41,88.63,3739.76,2800.99,1192.44,1.57,3.83,0.88,16.41,1.7,1.66,1.05,1.08,2.33,1.34,2.42,1.73,1.08,9.55,18120.9,468.99,11515.8
55,,"Dallas, TX, United States",15.0,50.0,8.0,4.5,7.0,1.95,1.67,0.73,2.51,2.05,8.0,1.52,12.0,2.76,3.06,7.0,3.0,9.82,96.0,0.62,20000.0,1548.11,1117.47,2972.84,1897.0,151.8,0.16,70.02,42.23,3.25,12.0,43.53,41.73,80.75,99.14,2756.48,1573.71,4675.77,4.19,3.1,1.12,18.0,3.74,2.97,2.05,1.31,3.99,3.58,2.82,1.28,2.02,10.65,19615.5,979.5,16302.2
56,,"Denver, CO, United States",15.0,70.0,8.0,6.0,7.0,1.89,1.57,0.82,3.16,2.66,10.22,1.81,12.0,1.91,2.37,6.54,3.0,7.84,114.0,0.71,22000.0,1678.54,1301.54,2902.33,2209.98,142.11,0.22,62.16,46.18,11.44,12.5,48.28,34.84,79.1,111.31,4494.75,2897.76,4410.84,4.13,2.5,1.83,22.5,4.06,3.72,2.08,1.27,4.63,3.93,3.09,1.59,2.15,11.49,21697.36,1142.69,13961.29
57,,"Zagreb, Croatia",7.93,42.08,5.77,2.16,2.6,2.09,1.43,1.0,1.01,2.43,9.05,1.05,5.77,1.15,1.87,4.33,0.58,8.13,51.9,1.44,21625.4,522.12,377.65,866.87,616.53,188.65,0.12,24.99,37.71,10.58,5.77,82.1,33.35,88.48,101.39,3084.68,2105.33,967.79,3.7,1.44,0.72,5.77,1.25,1.61,0.89,0.8,1.69,1.97,1.7,1.62,0.89,10.28,21241.23,162.63,4598.19
58,,"Hamburg, Germany",13.13,54.71,8.75,4.38,4.1,2.79,2.3,0.91,1.67,2.45,9.38,0.59,5.47,0.93,1.36,7.0,3.61,8.9,98.47,1.55,21882.75,959.39,717.27,1936.23,1422.38,257.76,0.12,33.65,45.74,23.52,13.13,84.42,36.99,97.64,131.84,7005.7,4276.79,2656.8,1.9,3.83,2.19,32.82,2.42,2.7,1.68,1.12,3.36,2.39,2.83,1.79,1.65,11.96,22851.06,317.3,16118.01
59,,"Krakow (Cracow), Poland",6.02,28.89,4.81,2.41,2.41,1.28,1.16,0.65,0.82,1.95,5.82,0.48,6.02,0.84,1.27,4.02,0.91,4.34,25.52,1.23,18921.45,547.52,422.34,975.73,664.83,176.79,0.05,13.5,24.86,12.76,6.38,71.59,32.79,66.1,82.93,3042.49,1952.58,879.87,4.42,1.69,0.55,8.43,0.84,1.22,0.7,0.78,2.24,0.9,1.57,1.14,0.75,8.28,18946.13,220.84,6456.31
60,,"Wellington, New Zealand",10.38,54.94,7.33,5.49,5.8,2.06,1.91,1.82,1.6,3.59,6.59,1.27,9.16,3.3,4.49,18.31,3.05,7.92,91.57,1.36,21366.33,1112.0,872.02,1953.49,1488.48,106.16,0.26,50.99,26.92,9.82,9.77,71.42,30.95,86.25,108.66,4271.97,2877.83,2874.51,4.99,2.14,1.77,40.29,2.26,2.38,1.78,1.54,2.86,2.07,2.73,1.7,1.44,11.16,18597.87,671.35,9462.23
61,,"Riga, Latvia",7.68,43.87,5.48,3.29,2.74,1.1,0.79,0.99,0.97,1.93,7.08,0.72,7.13,1.19,1.62,4.36,1.26,5.76,54.84,1.4,20523.13,457.61,318.04,846.61,585.98,201.77,0.1,17.86,36.89,23.33,8.77,69.05,39.74,79.62,100.17,2196.37,1313.08,911.53,2.65,2.34,0.77,8.77,1.24,1.58,0.51,1.2,2.82,1.65,1.91,1.42,0.54,8.22,19648.6,393.5,13405.87
62,,"Gdansk, Poland",6.05,29.04,4.84,2.18,2.3,1.1,0.87,0.66,0.72,2.17,5.92,0.48,4.84,0.81,1.28,3.87,0.77,4.01,24.2,1.23,19018.27,608.24,454.27,1073.35,788.8,183.35,0.07,13.86,29.23,11.65,4.84,86.1,42.18,73.12,107.15,3157.61,1983.68,857.51,4.44,1.94,0.58,9.68,0.79,1.19,0.59,0.7,2.26,0.85,1.42,1.11,0.64,8.13,17724.87,200.94,3740.34
63,,"Santiago, Chile",7.31,42.67,6.02,3.66,3.84,1.07,0.97,0.94,1.55,2.45,8.15,1.07,5.49,1.13,2.43,4.88,0.98,4.73,50.69,1.01,15348.08,407.41,381.44,803.02,664.39,115.9,0.15,32.86,30.68,16.61,6.1,47.42,28.99,55.37,73.3,2537.02,2242.4,646.04,3.81,0.37,1.22,10.24,1.83,1.75,1.22,1.09,2.37,1.04,1.43,1.3,1.29,7.65,14649.79,358.57,6539.95
64,,"Nairobi, Kenya",4.68,28.09,6.78,2.25,3.28,0.62,0.56,0.99,0.54,1.66,9.94,1.2,9.36,2.12,2.78,2.81,0.75,6.44,28.09,1.06,16387.3,401.77,178.57,865.25,408.34,47.51,0.03,54.74,50.33,6.7,7.49,25.64,26.42,59.03,51.86,3309.25,850.58,380.96,14.14,1.87,1.87,2.29,2.43,1.79,1.17,0.87,2.62,1.69,1.2,1.22,1.02,4.68,15562.36,201.42,9201.94
65,,"Abu Dhabi, United Arab Emirates",6.81,54.45,7.15,10.89,10.89,0.97,0.37,1.7,1.42,2.78,10.05,0.66,17.7,3.72,3.81,5.72,0.54,6.95,21.78,0.62,22460.59,1281.27,1009.04,2505.18,1928.4,135.58,0.17,104.43,94.53,33.09,10.89,73.59,57.04,96.4,92.62,3568.64,2889.91,2664.79,4.11,3.27,0.54,8.17,2.38,2.04,1.12,2.12,5.19,2.12,1.78,2.14,1.11,10.87,19708.69,580.96,11121.4
66,,"Houston, TX, United States",15.0,60.0,8.0,6.0,7.0,2.08,1.75,0.75,2.46,2.18,9.31,1.93,12.0,2.28,3.11,8.0,1.25,7.88,50.0,0.6,23000.0,1452.32,995.11,2623.78,1740.04,151.53,0.17,62.39,37.12,12.58,12.0,43.18,38.64,72.5,102.81,2274.82,1260.43,4105.85,4.15,3.0,1.55,24.0,4.42,4.33,3.16,1.49,4.38,4.02,2.6,1.46,1.89,11.33,21859.56,957.32,22437.5
67,,"Tbilisi, Georgia",5.76,21.81,4.37,0.93,1.56,0.55,0.27,1.05,0.31,1.26,3.99,0.37,4.67,0.83,1.16,1.95,0.16,3.36,9.35,0.8,10903.43,346.02,215.55,709.86,438.54,58.64,0.07,14.66,30.61,9.61,4.67,53.5,33.43,74.72,103.49,1154.33,638.18,280.11,11.33,1.0,0.31,2.34,0.82,1.11,0.43,0.58,1.57,1.08,0.88,1.17,0.48,6.23,12656.95,109.66,2572.29
68,,"Dubai, United Arab Emirates",9.53,54.45,7.62,12.25,12.25,1.01,0.47,1.69,1.3,3.12,13.29,0.68,16.33,3.94,4.78,6.13,1.63,7.49,81.67,0.61,24501.8,1571.21,1031.64,3128.38,2157.0,175.03,0.16,98.37,78.95,34.65,12.25,62.89,54.81,96.7,99.4,3424.32,2300.15,2948.13,4.32,3.27,0.54,8.17,2.21,1.82,1.13,1.77,5.02,1.8,1.48,1.74,1.01,12.0,19912.51,560.11,10513.84
69,,"Bogota, Colombia",3.13,22.18,4.44,1.04,2.09,0.69,0.56,0.75,0.83,1.39,3.04,0.74,7.83,0.76,1.61,1.83,0.63,3.12,34.76,0.66,15659.28,355.96,278.43,641.6,486.06,79.56,0.05,27.47,23.56,8.25,3.91,46.23,30.74,65.04,63.56,1726.21,1433.15,306.87,11.77,1.2,1.57,5.22,1.78,0.78,0.69,0.7,1.19,0.84,0.95,0.74,0.79,4.24,18702.56,256.69,6202.63
70,,"Brno, Czech Republic",5.97,27.88,5.56,1.51,1.59,1.23,0.99,0.71,0.91,1.68,7.43,0.53,4.78,0.63,1.1,4.22,1.0,5.86,21.91,1.3,18322.92,564.38,454.34,933.93,700.76,153.07,0.13,17.79,31.48,9.45,7.97,59.59,31.79,73.61,82.12,2862.34,2187.79,1064.9,2.87,2.39,1.19,10.75,1.19,1.31,0.81,0.85,1.92,1.38,1.85,1.2,0.74,10.19,19968.02,338.58,7853.63
71,,"Munich, Germany",14.21,68.31,8.74,4.21,4.37,3.14,2.75,1.0,1.85,2.81,12.93,0.65,5.46,1.06,1.3,7.65,3.61,8.23,65.58,1.55,27323.81,1372.27,985.36,2481.76,1891.36,275.61,0.11,38.92,38.43,24.85,13.12,89.53,38.74,94.52,139.23,12147.84,8486.94,3000.88,1.81,4.04,2.19,32.79,2.53,2.13,1.68,1.0,3.35,2.02,2.94,1.9,1.49,13.72,23429.53,601.67,13082.13
72,,"Poznan, Poland",6.04,29.0,4.83,1.93,2.42,1.0,0.77,0.63,0.74,1.86,5.81,0.44,4.83,0.78,1.1,4.05,0.97,3.88,27.79,1.24,18996.52,547.88,429.18,898.89,684.22,152.33,0.06,12.11,23.58,11.28,6.04,90.98,39.9,67.48,101.87,2682.71,1727.67,718.8,4.56,1.45,0.6,7.25,0.78,1.16,0.69,0.83,2.14,0.8,1.47,1.13,0.82,7.73,18615.19,228.96,3202.34
73,,"Las Vegas, NV, United States",15.0,65.0,8.0,6.0,7.5,1.76,1.34,0.81,2.23,1.92,7.93,1.28,12.9,2.28,2.98,8.25,2.0,6.1,65.0,0.84,22972.5,1183.99,1004.76,2023.56,1597.69,159.91,0.24,76.2,28.13,18.72,13.0,48.22,39.33,76.6,96.01,2231.44,1741.18,3528.98,4.25,3.5,1.86,32.4,3.34,2.62,2.32,1.44,4.39,3.46,3.27,1.57,2.15,12.69,21810.35,893.1,14824.59
74,,"London, United Kingdom",18.3,73.21,7.32,6.1,6.1,1.79,1.45,1.16,1.37,2.56,8.57,1.04,9.76,2.33,2.35,14.64,3.42,7.38,183.02,1.58,25622.6,2155.03,1528.88,3764.65,2519.0,211.6,0.15,38.69,50.65,13.37,15.86,80.92,40.15,84.17,106.99,13594.84,7836.13,3420.68,3.17,3.9,2.44,35.14,2.38,2.45,1.46,0.89,3.67,1.87,2.83,1.43,1.4,9.6,27358.75,1769.81,22354.41
75,,"Los Angeles, CA, United States",15.75,75.0,9.0,6.0,8.0,2.32,2.0,1.0,3.55,3.53,12.37,2.1,13.0,2.31,3.04,10.0,1.75,12.96,100.0,1.01,23195.0,2226.08,1753.28,4115.18,3017.59,126.48,0.15,65.54,43.9,11.25,15.0,52.52,36.48,78.74,104.52,7984.02,5169.32,4418.9,4.06,2.85,1.71,29.19,4.53,3.13,2.83,1.56,4.63,5.17,3.67,2.23,1.81,11.92,21438.65,1099.2,23178.05
76,,"Panama City, Panama",10.0,50.0,7.0,2.5,4.0,1.35,1.13,1.55,2.07,2.17,12.6,1.56,8.53,0.94,2.62,5.22,0.25,7.47,20.0,0.77,18000.0,920.37,625.0,1580.65,1062.0,97.81,0.12,46.6,49.22,26.82,6.5,48.33,37.5,63.6,85.71,2247.37,1673.08,817.36,5.43,2.0,2.0,10.0,3.91,2.78,2.17,2.31,3.02,1.81,3.14,1.68,2.3,12.21,19104.68,274.86,7445.45
77,,"Manchester, United Kingdom",14.71,61.3,7.36,4.9,4.9,1.55,1.29,1.11,1.26,2.74,7.56,1.4,8.58,3.02,3.14,13.96,3.56,6.51,85.29,1.56,22752.52,984.56,693.95,1720.56,1086.95,168.65,0.15,37.63,32.49,12.81,9.81,67.94,34.51,75.17,66.96,4707.83,3247.37,2388.26,3.48,3.07,1.5,22.8,2.55,2.38,1.64,0.98,3.45,1.58,2.08,1.63,1.23,9.52,24373.98,1078.38,14320.32
78,,"Seoul, South Korea",6.5,32.49,5.67,3.25,4.87,1.36,0.76,2.03,2.4,2.96,19.52,1.21,16.24,2.46,2.66,3.65,1.02,7.62,44.67,1.28,26719.29,770.66,524.99,2140.79,1115.3,163.66,0.12,22.85,52.13,18.45,8.12,61.8,43.16,77.48,128.78,15786.95,7181.71,2334.84,3.52,3.09,0.63,9.75,6.63,5.5,3.92,2.26,3.77,3.66,6.13,3.71,2.35,32.89,22598.82,363.1,17705.55
79,,"Warsaw, Poland",6.02,31.3,5.06,2.41,2.41,1.06,0.86,0.66,0.8,2.04,6.97,0.54,6.02,0.84,1.29,4.09,1.06,4.36,26.48,1.2,19258.48,682.11,517.87,1199.6,881.52,167.93,0.06,13.6,26.64,16.11,7.22,78.76,40.62,75.3,92.95,3562.19,2263.34,987.68,4.36,1.93,0.58,9.63,0.82,1.38,0.73,0.89,2.59,0.94,1.65,1.15,0.8,9.7,19812.25,342.35,8564.47
80,,"Prague, Czech Republic",6.04,32.2,5.84,1.61,2.01,1.34,1.01,0.84,1.06,1.81,9.04,0.62,5.82,0.7,1.45,4.27,0.97,6.57,22.14,1.31,18517.14,837.83,613.77,1403.48,957.87,186.35,0.14,20.63,36.23,13.52,8.05,71.05,34.07,76.11,97.7,5307.08,3648.66,1225.1,2.75,1.61,1.13,14.49,1.35,1.53,1.02,1.1,2.29,1.62,2.13,1.31,0.94,9.7,19775.93,561.47,10493.77
81,,"Miami, FL, United States",15.0,75.0,8.0,6.0,8.0,2.04,1.69,1.02,2.93,2.74,12.36,2.28,13.0,2.21,2.62,7.35,2.25,8.75,112.5,0.7,22222.0,1787.32,1279.09,3455.4,2397.55,151.43,0.13,66.21,45.11,18.06,14.0,44.23,36.63,80.03,97.04,4380.67,2549.76,3581.37,4.49,3.0,1.86,24.0,4.72,3.5,2.61,2.24,4.14,6.01,4.8,1.65,2.17,13.63,20591.62,800.43,21250.0
82,,"Wroclaw, Poland",6.02,26.48,4.81,1.93,2.41,1.07,0.84,0.59,0.77,1.93,6.02,0.46,6.02,0.76,1.01,4.04,0.82,4.1,21.67,1.22,18921.45,592.15,463.41,991.74,749.52,165.27,0.06,13.08,23.72,12.13,6.02,78.28,37.76,70.42,94.26,2681.69,1808.44,839.13,4.54,1.44,0.6,6.02,0.75,1.15,0.59,0.87,2.18,0.89,1.64,1.14,0.74,8.36,18308.15,267.32,6704.68
83,,"Kuala Lumpur, Malaysia",2.75,17.19,3.44,3.44,4.59,0.63,0.36,1.52,0.79,1.29,10.27,0.55,16.05,2.3,3.49,4.1,0.65,2.59,22.93,0.5,36107.29,513.57,297.36,885.82,494.64,50.75,0.07,28.37,38.91,7.46,4.13,51.28,32.09,65.8,65.98,2892.1,1444.29,942.17,4.53,0.8,0.61,5.73,2.4,2.2,0.86,0.99,2.65,0.95,1.2,1.43,0.93,8.01,28531.11,182.73,7665.47
84,,"New York, NY, United States",24.0,100.0,9.75,7.75,8.0,2.22,1.85,1.21,3.72,3.78,15.7,2.23,17.0,2.71,3.02,15.0,2.75,14.09,127.0,0.78,22000.0,3326.57,2014.67,6545.31,3605.27,135.54,0.12,62.79,75.93,31.95,16.99,53.33,40.19,86.7,131.28,14798.11,8245.95,5570.7,4.07,3.0,2.49,30.0,6.01,5.92,4.14,2.17,4.88,6.33,5.17,2.59,3.98,14.18,20362.0,2387.96,39608.7
85,,"Lagos, Nigeria",1.8,34.79,5.93,0.77,1.29,0.33,0.21,2.54,1.0,1.52,4.41,0.45,7.73,0.99,1.58,1.22,0.52,4.17,28.35,0.37,18039.84,651.99,475.27,1715.28,1048.13,25.13,0.05,42.62,39.49,8.46,6.44,18.08,23.58,54.52,62.46,911.84,328.58,212.45,17.8,1.29,1.16,5.15,2.94,2.24,1.59,0.95,2.87,2.32,1.82,1.62,1.03,4.45,25345.42,92.69,1624.08
86,,"Copenhagen, Denmark",17.59,102.59,10.99,7.33,6.58,3.65,2.6,1.41,3.06,3.8,12.34,1.36,8.79,1.85,2.56,6.6,3.52,9.65,73.28,1.66,36639.2,1469.26,1139.74,2535.24,1921.49,215.51,0.14,38.97,41.46,34.35,17.44,112.02,44.42,117.83,160.25,6810.69,4644.22,3371.33,1.69,7.33,2.34,58.65,2.74,2.82,1.85,1.65,5.72,2.21,3.38,2.52,1.59,12.53,35743.87,468.46,9463.01
87,,"Ljubljana, Slovenia",9.3,43.77,5.47,2.95,3.83,2.47,1.75,1.01,1.29,2.59,10.72,0.79,6.56,1.14,1.81,4.6,1.42,8.4,40.48,1.43,21882.75,653.54,508.35,1208.41,897.06,224.5,0.09,35.3,47.25,17.01,7.66,71.7,31.47,85.43,97.97,4107.45,2986.62,1296.21,3.05,1.09,1.09,15.32,1.53,1.74,1.0,1.31,1.7,1.63,2.48,1.28,1.36,11.55,20864.72,425.07,12027.7
88,,"Chandigarh, India",2.64,10.56,3.63,2.38,3.3,0.41,0.23,0.74,0.48,0.96,5.28,0.46,15.85,1.89,3.21,4.23,0.4,4.61,7.92,0.97,11885.5,154.95,97.91,386.06,232.43,66.04,0.01,12.0,20.97,8.67,3.3,35.15,41.47,59.22,41.65,1560.3,732.24,445.96,10.06,0.79,0.24,1.32,2.06,1.08,0.38,0.68,1.81,1.03,0.53,0.84,0.45,8.43,22570.27,58.28,1912.25
89,,"Colombo, Sri Lanka",1.6,17.36,4.81,1.6,2.67,0.6,0.24,1.22,0.52,1.21,11.41,0.45,13.36,1.38,2.16,7.48,0.13,3.86,5.34,0.78,30183.12,357.03,145.69,956.2,323.87,52.93,0.01,17.05,17.54,6.06,4.27,28.33,19.54,56.87,31.46,2532.35,1055.74,286.14,14.65,0.32,0.27,0.8,2.54,2.61,0.95,0.86,2.37,0.6,0.95,0.94,0.83,5.82,33706.88,55.83,955.88
90,,"Noida, India",3.96,15.85,3.3,1.58,2.91,0.45,0.19,0.63,0.45,0.93,3.44,0.4,12.38,1.51,2.48,3.63,0.66,3.31,13.21,0.98,11225.2,163.48,100.75,358.22,220.44,71.13,0.01,12.59,26.32,12.26,3.96,30.8,34.15,53.25,37.47,924.18,618.71,559.88,9.31,0.66,0.18,0.92,2.05,0.91,0.3,0.64,1.7,1.18,0.48,0.73,0.36,4.75,22493.57,91.19,2338.58
91,,"Kaunas, Lithuania",6.56,32.82,5.47,3.17,3.28,1.5,1.29,0.96,1.13,1.5,7.89,0.85,6.56,1.42,1.91,4.1,1.09,6.14,30.64,1.31,20515.08,400.02,284.91,686.32,454.3,139.46,0.08,11.7,28.45,21.43,7.66,77.73,32.88,80.92,106.46,2196.61,1380.11,885.29,2.51,0.98,0.66,10.39,1.09,1.38,0.52,1.27,2.45,1.24,1.76,1.14,0.55,7.57,20534.32,344.29,6846.17
92,,"Athens, Greece",10.97,43.87,6.74,4.39,4.94,1.87,0.55,1.43,0.89,3.28,9.19,1.0,7.68,1.61,2.35,5.04,1.54,7.82,32.9,1.73,21934.03,446.99,386.34,802.66,721.88,162.79,0.43,37.06,33.71,20.03,8.77,77.84,31.79,80.1,101.25,2252.83,2125.47,855.04,4.78,3.84,0.81,12.95,1.58,1.26,1.05,0.73,3.52,1.93,1.75,1.72,1.0,10.26,21003.51,420.56,8058.26
93,,"Baghdad, Iraq",5.92,27.53,7.09,3.0,3.75,0.45,0.24,1.1,1.08,1.74,4.05,0.59,12.53,1.41,1.69,2.04,0.63,3.93,25.06,0.46,16000.0,480.64,295.19,837.23,504.19,149.67,0.11,51.54,44.81,17.34,8.35,35.8,32.31,72.66,51.26,1940.95,954.1,583.25,8.17,3.67,2.0,10.0,1.35,1.29,0.8,0.71,1.86,1.54,0.8,1.24,0.7,11.36,19612.5,129.86,2441.41
94,,"Hong Kong, Hong Kong",6.45,58.06,5.03,6.45,6.45,1.18,1.03,2.95,1.96,3.51,20.11,1.78,15.48,1.58,2.3,7.74,1.29,10.17,64.51,2.24,31610.96,2298.73,1593.02,4955.73,3181.48,196.63,0.08,25.6,80.04,8.88,12.9,80.29,36.24,89.06,129.64,31788.34,20509.12,2887.01,2.54,3.1,1.1,13.16,3.87,3.4,2.36,1.34,4.77,2.11,3.08,2.25,2.51,17.95,28820.37,751.57,18629.01
95,,"Portland, OR, United States",15.0,60.0,7.5,5.0,5.25,1.98,1.46,0.91,3.38,3.24,15.65,2.15,15.0,2.29,4.0,7.25,2.5,12.06,100.0,0.86,25000.0,1573.36,1218.92,2817.39,1995.62,174.73,0.12,66.21,42.89,20.08,12.0,51.82,39.96,79.72,95.54,4126.46,2650.75,3764.07,4.07,3.5,1.62,40.0,5.34,4.3,2.82,2.0,4.32,5.23,5.3,1.74,2.83,17.63,22960.02,1212.6,18297.29
96,,"Lisbon, Portugal",8.74,38.25,6.56,2.19,2.73,1.49,1.1,0.72,1.18,1.79,8.08,0.6,4.65,1.16,2.5,5.46,1.75,5.45,38.8,1.69,28416.76,984.02,700.3,1854.54,1252.8,118.56,0.23,36.19,35.79,13.48,7.65,89.19,32.53,84.0,97.1,4843.6,2658.1,1074.68,2.14,3.83,0.51,16.18,1.62,1.3,1.09,0.99,1.65,1.01,1.69,1.21,1.13,9.52,27520.89,455.76,9075.27
97,,"Beijing, China",4.22,28.15,4.93,1.9,3.52,0.47,0.32,1.83,1.86,1.82,17.22,0.67,14.07,0.8,2.07,2.81,0.56,3.29,28.15,1.01,19702.55,1047.05,595.91,2171.45,1353.64,61.76,0.03,14.0,47.65,20.28,7.04,66.39,35.18,76.94,101.21,14692.47,7059.14,1312.16,5.22,1.83,0.32,6.33,1.91,1.86,0.78,0.72,4.25,1.26,1.11,1.39,0.73,8.95,17540.97,675.62,22492.75
98,,"Cape Town, South Africa",7.65,32.8,3.28,1.91,2.19,0.71,0.59,0.93,0.77,1.71,5.84,0.89,4.1,1.38,1.81,2.19,0.93,4.65,27.33,0.85,16398.05,600.01,422.39,1282.85,854.77,60.38,0.1,53.83,29.88,7.5,4.92,41.89,27.53,81.17,69.66,2136.05,1142.2,1010.11,10.57,1.09,0.66,2.73,1.42,1.24,0.91,0.86,1.56,1.29,1.23,1.35,0.93,5.72,15509.82,162.89,3149.05
99,,"Tirana, Albania",4.43,26.57,5.31,1.42,2.21,1.23,0.61,1.18,0.68,1.68,5.96,0.48,7.09,0.82,1.2,2.92,0.35,4.62,14.17,1.59,17713.05,334.37,197.88,677.18,377.91,78.81,0.25,21.24,31.91,12.4,5.76,43.38,34.47,77.94,91.79,1838.48,817.95,388.03,5.16,2.3,2.21,10.63,1.01,1.15,0.73,0.89,1.29,1.25,1.01,1.47,0.76,7.68,18270.37,138.06,2891.91
100,,"Porto, Portugal",7.66,32.82,6.56,2.19,3.01,1.58,1.12,0.75,1.36,1.93,7.25,0.64,4.38,1.18,2.26,5.47,1.42,6.0,38.29,1.67,28338.16,755.42,565.55,1400.79,966.01,113.73,0.17,35.68,34.14,14.36,7.66,94.39,34.08,75.73,89.02,2866.24,1703.37,898.45,2.44,3.83,0.55,16.19,1.9,1.58,1.27,1.07,1.71,0.95,1.59,1.33,1.49,11.15,27207.53,354.6,6760.21
101,,"Durban, South Africa",6.56,24.6,3.28,1.37,1.48,0.73,0.57,0.82,0.75,1.33,5.28,0.92,3.28,0.81,1.28,2.46,0.82,3.64,24.6,0.86,16398.05,272.47,282.78,497.6,513.62,73.8,0.11,57.29,23.25,8.26,5.19,39.32,25.21,67.36,73.28,597.16,627.44,858.87,10.86,1.09,0.66,5.06,1.1,1.08,0.74,0.82,1.4,1.13,0.89,0.92,0.77,4.91,15963.29,150.32,2931.1
102,,"Budapest, Hungary",6.28,37.67,5.02,1.73,1.88,1.1,0.88,0.75,0.82,1.67,6.47,0.36,4.24,0.83,1.21,4.43,1.1,4.59,29.82,1.24,18834.36,522.73,396.49,966.15,671.27,163.88,0.09,14.71,43.21,13.36,5.95,66.71,28.86,75.97,87.95,3198.44,2102.29,815.65,4.97,2.2,0.94,14.13,1.24,1.43,0.94,1.07,1.48,1.19,2.09,1.42,0.93,8.05,19700.24,308.38,8114.21
103,,"Vilnius, Lithuania",7.65,43.72,5.46,3.28,3.28,1.62,1.34,0.95,1.07,1.74,8.07,0.74,6.56,1.23,1.65,4.32,1.09,5.26,31.7,1.31,19390.07,555.12,383.33,919.9,586.67,133.71,0.1,11.67,31.18,21.17,7.92,59.6,39.63,80.8,109.3,2944.47,1883.27,1034.93,2.42,1.24,0.66,8.74,1.06,1.33,0.47,1.15,2.37,1.52,1.6,1.13,0.64,7.25,19831.62,393.21,7896.58
104,,"Johannesburg, South Africa",8.2,33.95,3.22,1.7,2.26,0.86,0.68,0.93,0.82,1.8,5.91,0.95,4.24,1.12,1.6,2.55,1.7,4.34,56.58,0.9,18127.48,410.28,332.66,806.23,621.01,80.88,0.1,54.05,31.63,9.39,5.46,43.99,28.06,68.54,69.76,853.17,635.41,1088.34,10.47,1.24,0.68,5.66,1.35,1.33,0.99,0.9,1.58,1.21,1.26,1.07,1.0,6.0,17001.94,196.62,4516.01
105,,"Barcelona, Spain",13.13,49.24,8.75,3.01,3.28,1.91,1.32,0.97,1.39,2.01,12.3,0.78,6.56,1.07,1.84,5.47,2.41,7.21,48.14,1.48,24071.02,1054.28,802.29,1685.42,1189.87,143.7,0.14,47.2,45.94,22.75,9.85,83.3,29.63,87.26,104.48,4950.24,3438.43,1577.79,2.24,3.28,1.28,24.18,2.09,1.74,1.19,1.07,1.95,1.31,1.83,1.72,1.41,12.39,23438.33,489.63,8841.72
106,,"San Diego, CA, United States",15.0,70.0,8.5,6.0,7.0,2.02,1.68,1.02,4.05,3.65,11.72,1.68,13.5,2.34,2.27,9.5,2.5,10.9,72.0,1.0,24000.0,2132.26,1734.58,3715.76,2826.8,146.6,0.24,64.43,40.19,17.42,14.0,52.33,43.85,81.07,105.12,6100.59,4061.81,5148.17,4.14,2.8,1.86,25.0,3.75,3.0,2.99,1.72,4.28,4.28,3.98,1.81,2.56,12.86,21628.71,1187.84,21796.43
107,,"San Francisco, CA, United States",18.0,80.0,10.0,7.0,8.0,2.54,2.14,1.11,3.4,3.4,16.12,2.2,15.0,2.74,2.44,12.0,3.0,12.99,81.0,1.04,23010.0,3500.92,2806.68,6595.44,4860.23,153.34,0.15,70.02,91.05,17.29,15.0,63.65,41.81,88.53,144.91,13214.09,10006.05,7893.5,3.99,3.5,2.17,33.0,5.6,3.44,3.8,1.62,4.6,5.29,5.73,1.91,3.19,15.25,22043.52,2176.19,30183.68
108,,"Lima, Peru",4.36,26.19,4.66,2.33,3.49,0.82,0.63,1.36,1.71,1.81,7.73,0.92,10.18,1.58,2.84,4.51,0.58,4.84,25.3,1.13,16002.8,534.14,323.67,1018.9,680.4,79.5,0.18,37.67,53.17,12.31,6.84,48.02,33.87,80.88,84.01,1761.49,1258.22,500.7,9.22,2.91,1.45,7.27,1.75,1.16,1.04,0.81,2.41,1.06,1.3,1.24,1.08,8.17,18117.95,279.1,5784.55
109,,"Pretoria, South Africa",6.56,27.33,3.28,1.48,1.91,0.77,0.56,0.83,0.79,1.67,5.59,0.8,3.83,1.09,1.5,2.46,2.65,3.71,109.32,0.88,17283.54,279.96,288.08,551.31,591.12,79.9,0.09,47.68,30.87,4.37,5.47,44.97,30.92,75.55,73.79,519.17,548.77,1103.68,10.8,0.82,0.66,3.55,1.35,1.2,1.09,0.86,1.49,1.0,1.05,1.1,0.97,5.47,16798.12,184.99,3814.87
110,,"Seattle, WA, United States",17.25,80.0,9.0,6.0,8.0,2.37,1.93,0.97,3.42,2.85,16.48,2.08,15.0,2.19,2.72,10.25,2.75,11.38,99.0,0.93,25000.0,2119.47,1652.59,3753.85,2673.58,178.37,0.14,66.2,62.06,31.0,15.0,48.81,42.96,91.16,137.83,7594.48,4614.3,5683.42,4.13,2.6,1.68,30.0,5.0,3.86,2.44,1.98,4.49,4.61,5.09,1.79,2.66,13.89,23557.69,1850.0,26836.36
111,,"Bucharest, Romania",6.78,33.89,4.52,1.81,2.26,1.51,1.24,1.11,0.67,2.31,5.6,0.57,5.65,0.79,1.23,4.52,0.29,4.8,15.82,1.26,18166.0,455.48,307.59,793.06,521.75,100.04,0.08,9.47,42.72,14.94,6.78,68.91,34.32,70.83,83.82,2017.54,1239.37,786.67,6.43,0.45,0.45,4.5,0.99,1.2,0.78,0.64,2.19,1.24,1.37,1.34,0.75,7.1,20769.33,382.9,7890.16
112,,"Ahmedabad, India",1.98,9.24,3.3,2.51,4.95,0.41,0.21,0.69,0.52,0.92,6.23,0.4,9.24,1.65,3.46,3.96,0.26,3.44,6.6,0.96,11810.43,206.43,156.95,377.65,274.16,55.91,0.01,8.93,19.56,9.31,3.69,29.31,35.51,45.9,34.88,837.56,475.72,326.6,9.67,0.66,0.2,1.12,1.58,0.83,0.33,0.59,1.52,0.92,0.5,0.54,0.35,6.27,22879.23,60.39,1348.47
113,,"Cluj-Napoca, Romania",5.99,29.37,4.52,1.81,2.26,1.31,1.1,1.11,0.72,2.21,6.25,0.58,4.52,0.8,1.36,4.29,0.56,4.75,15.82,1.3,17462.43,440.53,318.65,796.5,559.99,95.95,0.07,8.16,30.54,14.73,5.65,60.04,34.75,70.89,74.82,2137.95,1616.9,725.01,5.57,0.59,0.58,6.33,0.84,1.06,0.6,0.73,1.82,1.06,1.44,1.17,0.66,7.45,18259.45,326.15,5169.8
114,,"Madrid, Spain",13.16,54.84,8.77,3.29,3.84,2.09,1.51,0.91,1.18,2.06,13.05,0.82,5.48,1.16,1.95,5.48,1.65,6.9,60.1,1.49,21934.03,1088.79,803.82,1902.68,1312.16,145.25,0.2,46.2,41.26,13.24,9.87,82.17,31.78,81.7,100.68,5670.75,3444.15,1798.23,2.22,3.29,1.21,27.42,2.03,1.77,1.31,1.14,2.04,1.22,2.08,1.93,1.53,12.57,25281.08,505.58,9223.26
115,,"Tallinn, Estonia",8.74,54.65,6.56,4.37,4.37,1.99,1.67,0.78,0.96,1.75,8.01,0.75,8.74,1.54,1.74,4.92,2.19,5.78,30.06,1.49,20766.09,591.77,412.64,966.96,689.59,195.03,0.05,25.04,49.33,28.49,8.74,81.23,34.79,75.97,100.75,2856.02,2017.49,1315.0,2.45,2.73,0.66,11.48,1.3,1.5,0.59,1.06,2.99,1.68,2.31,1.18,0.63,9.52,20556.93,284.81,8328.61
116,,"Bangalore, India",2.64,13.21,3.96,1.98,3.96,0.46,0.19,0.57,0.5,0.89,6.25,0.4,7.92,1.8,3.29,3.96,0.53,3.26,19.81,1.02,11887.47,233.9,136.63,581.44,346.72,25.82,0.01,13.9,21.4,5.3,3.96,31.99,30.61,49.95,39.28,1727.39,746.13,639.28,9.13,0.79,0.26,1.32,2.28,1.05,0.42,0.62,1.84,0.75,0.38,0.73,0.56,5.27,24439.43,113.27,2998.86
117,,"Iasi, Romania",5.65,22.6,4.52,1.36,2.03,1.27,1.0,0.98,0.6,2.17,5.46,0.59,4.52,0.87,1.54,4.18,0.56,4.67,18.08,1.26,17462.43,313.58,232.32,550.25,392.83,131.11,0.07,7.5,32.61,9.71,5.65,56.79,34.89,63.27,72.46,1548.58,1031.74,592.73,5.49,0.56,0.56,5.65,0.84,1.22,0.62,0.63,1.7,1.14,1.28,1.23,0.73,6.75,19111.62,252.54,3344.1
118,,"Chennai, India",1.58,10.56,3.3,1.98,3.96,0.46,0.2,0.64,0.44,0.81,5.59,0.41,6.6,1.82,2.92,3.96,0.26,3.01,13.21,1.02,12545.81,177.39,101.44,424.82,236.55,35.46,0.01,10.95,18.12,5.47,2.64,28.79,26.79,40.87,32.7,1883.33,719.18,436.42,9.95,1.32,0.2,0.99,1.97,1.22,0.5,0.42,1.69,0.7,0.49,0.84,0.56,4.87,22661.83,54.25,1512.72
119,,"Haifa, Israel",17.09,68.35,15.66,8.54,6.83,2.49,1.91,1.67,1.58,4.02,11.21,1.13,9.97,2.88,3.41,9.97,1.68,8.82,60.94,1.77,37306.74,661.11,552.33,1119.72,881.97,181.32,0.08,26.31,71.82,37.73,12.25,98.25,55.89,113.27,122.73,4405.81,3409.29,2244.21,3.67,3.42,1.21,27.05,2.79,1.88,1.21,2.28,3.52,2.69,1.38,2.21,0.92,16.3,38372.72,796.45,6891.78
120,,"Doha, Qatar",8.24,54.93,6.87,12.91,12.77,0.76,0.35,1.9,1.56,2.79,10.36,0.58,32.96,10.33,9.98,6.04,0.69,8.39,41.2,0.52,20598.74,1538.67,1007.8,2948.56,1980.95,80.04,0.18,88.35,110.24,27.9,9.61,66.62,55.1,93.85,92.78,4616.12,3241.54,3218.44,4.83,2.75,0.55,8.79,1.92,1.82,1.22,1.81,4.99,1.63,1.76,1.62,1.11,11.3,18807.61,649.96,9605.77
121,,"Delhi, India",3.96,19.79,3.3,1.98,3.3,0.48,0.21,0.71,0.45,0.96,4.67,0.38,9.9,1.55,2.75,4.22,0.4,3.42,13.2,0.99,10556.8,233.05,138.42,561.58,324.57,61.56,0.01,10.91,24.4,8.08,4.62,33.62,32.77,49.86,42.2,1996.27,920.81,522.96,9.26,0.66,0.2,0.79,1.66,0.8,0.32,0.51,1.75,0.86,0.47,0.72,0.42,5.91,22081.37,77.85,2073.11
122,,"Gurgaon, India",3.96,15.85,3.96,2.38,3.96,0.43,0.21,0.68,0.46,1.03,5.15,0.37,10.57,1.58,2.59,3.96,0.53,3.67,19.81,0.99,11887.47,252.04,166.37,587.33,359.07,75.28,0.01,13.6,29.01,7.74,4.62,35.08,39.85,59.44,45.13,1619.5,1001.59,940.31,9.15,0.79,0.2,1.32,1.96,0.96,0.33,0.66,1.89,0.95,0.52,0.76,0.44,6.4,23262.01,114.54,2804.01
123,,"Vienna, Austria",10.94,54.71,8.21,4.38,4.38,3.04,2.5,1.19,2.01,2.85,11.71,0.68,7.38,1.08,1.86,6.02,2.63,10.11,54.71,1.38,24344.56,959.11,701.07,1767.76,1278.68,201.7,0.05,35.42,33.81,21.84,10.94,86.2,36.24,91.56,127.08,7810.85,4717.13,2285.91,2.16,4.38,1.55,30.42,2.35,2.39,1.39,1.26,3.64,1.56,2.69,1.87,1.36,15.91,24719.91,263.18,18053.27
124,,"Hyderabad, India",2.64,9.9,3.69,1.58,2.71,0.44,0.19,0.69,0.51,0.81,5.71,0.41,9.9,1.58,2.47,3.96,0.33,3.19,13.2,1.03,13196.01,173.15,103.44,452.0,247.26,25.0,0.01,10.52,20.64,7.23,3.3,28.75,28.49,45.58,34.54,1061.32,566.92,500.64,9.55,0.66,0.2,1.32,2.36,1.05,0.43,0.61,1.24,0.68,0.39,0.63,0.41,4.42,22985.2,58.9,1911.97
125,,"Montevideo, Uruguay",7.94,34.04,6.81,2.27,2.72,1.24,0.99,0.68,1.71,1.94,7.27,1.03,5.22,1.52,1.74,3.4,0.86,6.05,34.04,1.25,26405.62,440.53,340.45,719.15,591.46,110.35,0.17,28.25,40.14,11.75,7.0,68.08,32.25,78.68,86.8,2290.07,1838.68,638.75,7.84,1.01,0.59,8.33,1.49,1.08,1.29,0.88,2.35,0.97,1.65,1.72,1.2,7.39,29791.75,292.01,5475.22
126,,"Jaipur, India",1.98,9.24,2.64,1.32,3.63,0.51,0.19,0.64,0.45,0.9,4.42,0.34,9.9,1.54,2.85,4.49,0.26,3.11,6.6,0.99,11357.26,149.16,81.64,328.0,187.84,48.11,0.01,11.84,23.52,10.18,3.96,36.92,40.8,46.68,39.16,1031.63,512.19,442.72,9.69,0.66,0.2,1.32,1.84,0.73,0.28,0.36,1.56,0.89,0.47,0.43,0.35,5.41,21354.29,49.1,1296.84
127,,"Tel Aviv-Yafo, Israel",17.07,85.36,14.23,8.54,8.54,2.59,2.1,1.72,2.53,3.51,15.09,1.45,14.23,2.76,3.77,10.24,1.68,10.93,62.6,1.81,38980.59,1455.41,1079.54,2387.72,1761.3,251.34,0.05,27.47,75.89,19.29,11.95,98.93,54.74,130.78,137.36,12709.0,8470.23,2615.78,3.69,3.53,1.1,25.61,3.43,2.19,1.42,1.97,3.74,2.87,2.11,2.88,1.29,23.13,38205.17,918.26,10319.68
128,,"Timisoara, Romania",5.65,22.6,4.07,1.36,1.81,1.09,0.91,1.0,0.71,2.22,4.91,0.54,4.52,0.77,1.26,4.18,0.56,4.71,20.34,1.29,17462.43,310.95,237.63,566.19,424.87,109.21,0.04,8.2,24.79,10.58,5.65,52.69,28.52,67.61,79.93,1559.4,1186.59,760.07,5.14,0.56,0.56,5.54,0.84,1.07,0.55,0.65,1.7,0.98,1.2,1.18,0.57,7.88,17168.36,255.09,3604.06
129,,"Taipei, Taiwan",4.0,26.67,4.42,1.67,2.33,0.9,0.67,2.95,1.78,2.42,20.97,1.2,15.0,1.69,2.3,4.0,0.67,9.94,42.68,0.99,30008.5,567.32,372.99,1360.37,860.23,76.92,0.15,21.99,46.74,13.49,10.0,76.09,33.97,88.63,113.5,13852.11,7859.07,1503.68,1.89,2.33,0.83,8.34,4.61,2.88,2.29,1.58,2.98,3.09,2.87,2.3,1.86,18.03,23427.15,566.83,14924.32
130,,"Kolkata, India",2.64,10.56,3.96,1.85,3.63,0.39,0.16,0.63,0.34,0.86,4.63,0.35,7.92,1.77,3.15,3.96,0.13,2.73,3.96,1.01,11216.6,153.15,91.36,384.78,204.84,35.36,0.01,8.6,18.8,8.69,3.3,32.22,33.22,46.66,33.06,1118.08,545.44,375.3,9.0,0.4,0.25,0.79,1.66,1.13,0.29,0.32,1.57,0.7,0.47,0.68,0.43,6.28,21668.25,43.39,1478.8
131,,"Lucknow (Lakhnau), India",2.64,7.92,3.57,1.55,3.3,0.45,0.18,0.67,0.39,0.86,4.3,0.38,6.6,1.59,2.46,3.96,0.43,3.06,6.6,0.98,10234.73,127.47,89.93,305.46,224.5,53.03,0.01,8.49,18.41,5.06,3.3,32.92,40.74,52.55,37.59,795.22,517.77,381.25,9.41,0.66,0.13,1.32,1.51,0.58,0.3,0.26,1.87,0.63,0.37,0.59,0.38,2.6,21365.02,38.42,915.35
132,,"Skopje, North Macedonia",5.33,21.32,3.55,1.78,2.31,1.47,0.96,0.92,0.54,1.56,6.02,0.46,5.33,0.82,1.06,2.49,0.62,5.44,26.65,1.22,19606.62,275.79,205.17,490.51,339.44,116.43,0.11,17.82,23.86,11.34,4.44,65.68,33.14,73.46,83.75,1353.59,969.49,429.41,5.68,0.71,0.44,5.33,0.84,0.99,0.58,0.44,1.6,1.18,1.03,1.06,0.66,8.96,20199.88,187.45,3326.16
133,,"Shanghai, China",4.93,35.18,5.28,1.41,3.52,0.7,0.4,2.69,1.96,2.48,13.89,0.67,16.89,0.75,2.54,3.24,0.56,4.84,28.15,0.98,21109.87,1119.53,562.9,2527.04,1369.68,52.42,0.03,14.45,55.75,13.13,7.6,63.97,36.32,89.29,114.82,13613.16,6691.97,1436.8,5.12,1.97,0.42,5.31,2.54,2.46,1.25,0.63,4.3,1.27,1.55,1.85,1.18,12.51,19543.46,865.61,25234.26
134,,"Bangkok, Thailand",2.2,25.09,5.41,2.35,4.7,0.55,0.28,1.65,1.18,1.75,21.93,0.54,25.09,1.91,3.93,4.7,1.16,2.7,40.77,0.94,43902.47,667.85,334.73,1997.92,862.04,99.08,0.06,21.52,67.65,9.44,7.84,58.38,39.1,92.92,90.78,5724.43,2541.15,740.3,5.81,1.1,0.31,3.76,3.14,2.31,1.44,1.09,2.41,1.21,1.7,1.14,1.4,11.97,26898.41,300.44,15485.98
135,,"Mumbai, India",3.96,19.81,3.96,2.34,4.36,0.5,0.19,0.75,0.45,0.91,5.54,0.37,9.25,1.88,3.68,3.96,0.26,3.47,5.15,1.05,11828.03,583.72,282.78,1519.77,639.34,48.79,0.01,9.77,25.17,9.16,3.96,33.45,32.17,51.65,38.36,6175.28,2498.12,549.79,9.15,0.29,0.29,1.32,2.04,1.08,0.39,0.68,2.01,0.78,0.5,0.71,0.48,5.33,22170.12,82.91,2428.49
136,,"Shenzhen, China",4.22,28.15,4.64,1.41,2.67,0.49,0.37,2.31,1.95,2.52,8.58,0.72,21.11,1.07,2.19,3.52,0.49,4.74,21.11,1.03,21109.87,782.69,481.87,1538.68,1004.27,65.36,0.02,17.18,35.07,14.18,7.04,65.77,36.38,81.9,92.4,13135.03,7774.06,1183.55,5.19,1.41,0.36,6.9,2.23,2.34,1.33,0.51,4.34,1.18,1.5,1.58,1.36,11.56,20261.96,710.91,22693.11
137,,"Reykjavik, Iceland",17.48,115.35,11.88,8.39,7.34,2.59,1.89,1.19,2.95,4.86,12.56,1.58,17.48,2.76,2.73,10.14,3.29,14.09,89.49,1.59,26181.49,1357.34,1116.28,2224.84,1860.18,88.46,0.15,58.29,52.23,33.34,11.19,106.26,42.92,121.29,161.3,4282.3,3224.6,2785.79,6.18,4.89,2.45,55.37,2.08,1.95,1.91,2.26,4.12,2.53,3.38,1.58,1.64,22.03,29913.64,248.76,6012.31
138,,"Amman, Jordan",7.05,42.31,7.05,7.05,7.05,0.54,0.38,1.53,0.47,1.82,7.88,0.56,23.98,5.36,6.57,3.53,0.71,6.57,42.31,1.2,35260.93,413.98,285.22,714.03,489.91,86.66,0.06,44.65,61.29,33.57,11.28,68.03,64.47,97.96,93.31,1515.34,912.08,651.68,7.93,0.49,0.45,7.05,2.16,1.6,0.94,0.63,4.27,1.61,0.81,1.82,0.82,12.16,30866.01,255.47,4910.55
139,,"Pune, India",3.3,13.21,3.8,2.25,3.96,0.5,0.2,0.68,0.46,0.87,6.38,0.39,7.92,1.83,2.95,3.96,0.33,2.97,13.21,1.05,11887.47,214.68,127.74,451.19,279.9,26.32,0.01,12.08,18.06,5.89,3.3,34.1,32.48,50.06,38.64,1560.76,819.01,531.07,9.41,0.66,0.24,1.32,2.2,1.29,0.41,0.62,1.68,0.69,0.49,0.68,0.46,5.15,22337.11,74.54,1471.1
140,,"Caracas, Venezuela",5.0,30.0,4.0,1.0,2.5,1.12,0.73,1.62,1.29,1.62,3.73,0.98,11.16,1.41,2.71,2.0,0.1,3.5,2.17,0.0,20000.0,256.25,219.98,461.07,396.67,5.97,0.05,7.3,17.67,5.12,2.5,47.86,39.72,87.27,82.63,619.79,559.62,21.31,24.38,1.25,1.25,4.0,4.25,1.04,1.39,0.86,1.08,1.32,1.46,1.18,1.36,3.94,29000.0,14.56,5062.5
141,,"Stockholm, Sweden",12.92,82.71,8.79,7.24,7.24,2.51,2.08,1.34,2.41,3.08,9.25,1.88,10.34,1.86,2.07,6.72,4.14,10.74,96.15,1.64,22848.19,1349.8,938.67,2160.42,1370.06,80.84,0.15,29.25,42.15,30.87,14.47,95.78,40.03,104.14,135.38,9755.68,5862.51,2698.62,2.34,4.65,1.4,54.28,2.73,2.85,1.32,2.04,3.96,2.77,3.36,2.53,1.45,16.89,23064.65,130.97,6205.66
142,,"Buenos Aires, Argentina",5.89,22.08,5.15,1.47,2.21,1.0,0.8,0.86,1.25,1.53,6.57,0.93,3.68,1.17,1.81,1.77,0.31,3.8,13.25,0.81,19779.77,251.44,202.78,499.15,367.09,67.83,0.16,27.02,27.88,9.77,5.89,52.88,40.36,67.1,69.72,3076.81,2222.51,546.06,44.75,0.79,0.35,4.42,1.08,0.69,0.57,0.85,1.57,0.89,1.13,1.26,0.78,4.98,20671.96,196.06,3758.85
143,,"Minsk, Belarus",10.0,30.0,5.0,2.0,3.0,0.69,0.51,0.75,0.62,1.23,6.07,0.63,8.0,0.94,1.86,1.5,0.29,3.65,15.0,0.76,15844.89,394.8,260.34,663.84,432.28,51.8,0.05,13.17,32.97,17.08,4.17,62.33,37.94,93.61,81.65,1668.98,1144.72,450.83,14.23,1.84,0.25,2.63,1.1,1.68,0.48,0.97,1.71,1.18,1.96,1.28,0.59,6.66,18640.78,448.51,5995.55
144,,"Casablanca, Morocco",4.07,25.46,5.6,3.06,3.56,0.54,0.34,0.74,0.98,1.3,8.27,0.57,8.15,2.44,2.29,3.56,0.61,4.57,23.43,1.07,23681.3,416.01,196.74,848.11,398.09,41.26,0.14,33.26,24.5,16.96,6.62,54.12,37.78,82.18,82.42,1898.03,980.24,435.76,4.91,0.76,0.81,5.09,1.35,0.59,0.49,0.39,1.61,1.25,0.46,1.18,0.57,8.15,21331.36,166.65,4721.57
145,,"Lodz, Poland",4.81,28.89,4.33,1.93,1.93,1.07,0.85,0.58,0.68,1.78,5.57,0.47,4.81,0.72,1.02,3.97,0.7,3.96,21.67,1.19,18921.45,417.85,323.48,704.09,576.79,181.64,0.06,12.66,26.21,10.43,6.26,78.09,38.18,68.04,85.1,1647.56,1259.25,692.39,4.31,1.44,0.48,8.67,0.71,1.19,0.58,0.79,1.89,0.96,1.49,1.06,0.9,7.52,18491.84,238.15,3554.79
146,,"Montreal, Canada",10.77,46.65,7.9,5.02,5.74,1.59,1.18,1.59,2.51,2.38,12.85,1.55,11.48,1.86,2.32,8.67,2.51,11.15,62.08,0.9,17225.63,921.15,587.89,1591.17,1004.57,70.09,0.24,44.98,21.88,12.63,9.87,47.73,33.51,74.38,88.0,4026.26,2445.79,2487.9,3.37,2.51,1.26,27.99,2.75,2.86,1.88,1.75,2.92,2.23,3.21,1.37,1.77,13.05,17454.35,498.4,6443.3
147,,"Sao Paulo, Brazil",5.31,27.01,5.04,1.62,2.7,0.9,0.58,0.62,1.1,1.39,6.27,0.5,7.2,0.97,1.88,1.8,0.79,2.48,40.4,0.77,16528.02,394.82,260.15,767.17,500.32,47.26,0.28,20.58,19.71,25.3,6.84,34.91,30.22,60.11,47.27,2010.39,1369.19,451.19,9.86,0.81,0.5,5.94,1.24,0.83,0.79,0.51,1.19,0.77,1.2,0.91,0.82,5.53,16694.81,320.74,8954.69
148,,"Dublin, Ireland",16.39,68.31,9.29,6.28,6.56,2.03,1.72,1.05,1.6,3.19,10.54,1.7,13.12,2.84,3.22,14.75,3.28,9.43,142.08,1.57,27323.81,1866.47,1567.75,3317.72,2592.73,169.53,0.32,58.64,46.15,19.21,13.12,88.18,37.93,91.04,106.44,6106.34,4400.88,2714.99,3.46,4.37,1.64,32.79,2.37,2.54,1.99,1.11,3.6,1.78,2.84,2.14,1.35,9.77,28278.25,1184.25,9920.22
149,,"Moscow, Russia",8.41,42.04,4.2,2.52,2.8,0.83,0.55,0.97,0.6,1.24,8.53,0.6,7.01,0.89,1.82,2.1,0.77,4.07,30.41,0.65,20027.43,880.24,504.48,1813.27,929.91,123.33,0.03,6.46,44.04,25.22,6.31,82.49,45.83,86.6,109.45,5294.14,2448.44,958.79,9.58,2.1,0.21,8.41,1.28,1.33,0.51,1.11,2.43,1.09,2.25,0.95,0.5,7.62,19055.02,525.77,10892.93
150,,"Santo Domingo, Dominican Republic",5.42,41.53,6.32,1.99,2.79,0.85,0.54,1.06,1.54,1.76,7.16,1.04,10.83,2.13,3.07,3.61,0.45,5.03,37.02,1.13,22065.31,440.36,228.46,831.3,393.08,64.24,0.14,52.32,24.93,15.05,5.42,42.35,48.55,75.51,84.87,1219.83,618.74,392.83,12.36,3.61,3.07,4.06,2.19,2.11,1.41,0.88,1.66,1.09,1.17,0.7,2.32,7.64,22236.99,167.73,5490.79
151,,"Adelaide, Australia",11.78,47.43,7.2,5.23,6.05,2.27,1.89,1.04,1.56,2.73,6.58,1.5,9.81,3.71,4.28,22.9,2.58,6.88,65.75,0.98,17663.36,888.26,644.28,1481.08,1041.31,132.41,0.38,45.03,37.04,2.04,9.81,61.87,38.94,79.51,83.46,3004.58,1996.5,2922.51,3.85,3.04,1.22,25.71,2.81,2.38,1.82,1.88,2.85,1.75,2.71,2.29,1.57,10.39,16475.5,701.56,11101.09
152,,"Zurich, Switzerland",25.89,113.92,15.28,7.25,6.21,4.61,3.7,1.77,3.34,6.31,26.1,1.25,13.46,2.02,2.65,8.91,4.56,27.44,88.03,1.71,25890.85,1976.87,1484.46,3799.75,2687.55,198.52,0.36,54.95,90.46,38.18,19.68,117.15,55.5,124.77,192.48,13004.85,8294.95,6667.39,1.44,7.25,5.18,77.57,4.2,4.29,2.94,2.67,5.28,3.03,4.26,3.24,3.05,49.66,25481.81,2584.88,31688.08
153,,"Yerevan, Armenia",5.14,24.66,5.14,1.23,1.85,0.66,0.37,0.9,0.5,1.48,4.49,0.47,6.17,0.87,1.29,1.23,0.21,4.58,12.33,0.89,21684.2,363.31,196.79,777.86,353.4,73.69,0.04,16.97,49.28,13.25,5.14,56.42,45.9,85.67,77.82,1687.55,867.8,333.93,11.38,1.23,0.21,2.47,0.96,1.22,0.53,0.45,2.07,1.25,0.92,1.28,0.62,6.86,24072.54,153.54,4041.38
154,,"Manila, Philippines",3.96,19.78,2.97,1.38,2.57,0.72,0.4,1.76,1.22,1.7,4.58,0.79,7.91,1.06,1.73,2.18,0.4,3.58,13.62,1.03,19775.59,614.02,253.55,2162.96,626.65,132.25,0.15,52.1,49.58,7.25,5.93,46.42,31.9,85.12,88.99,3218.96,1856.71,423.37,8.17,0.79,0.27,2.37,2.33,2.11,1.81,1.35,2.6,1.04,1.52,1.47,2.11,5.89,19896.22,193.62,7721.74
155,,"Brisbane, Australia",13.09,65.46,7.85,5.24,5.89,2.29,1.85,1.06,1.86,2.85,5.99,1.48,11.13,3.85,4.17,19.64,2.62,6.79,101.03,1.0,17346.34,1097.91,815.78,1831.31,1240.43,141.48,0.22,50.63,42.0,13.99,10.47,66.88,36.89,95.26,90.25,4510.55,2792.87,3198.73,3.98,2.62,1.42,32.21,2.74,2.77,1.97,1.69,3.0,1.7,3.49,2.21,1.69,12.22,15897.54,1203.07,10599.14
156,,"Jakarta, Indonesia",2.72,20.4,3.4,2.72,4.08,0.59,0.28,1.37,1.14,1.68,7.91,0.54,30.6,2.42,3.48,1.8,0.27,3.81,13.6,0.63,33996.26,454.84,264.14,1500.35,716.93,105.27,0.14,27.23,38.89,9.84,3.4,45.39,33.54,73.63,91.71,2323.08,1136.83,448.8,10.22,0.44,0.34,2.86,3.05,3.0,1.57,1.08,2.3,0.96,1.54,1.82,2.36,9.15,30159.26,154.19,6830.24
157,,"Ankara, Turkey",3.99,16.19,3.68,2.94,2.97,0.64,0.18,0.77,0.38,1.69,4.78,0.28,8.1,1.88,2.55,2.65,0.52,3.36,22.08,1.01,26496.67,214.0,129.52,340.79,212.89,73.12,0.1,13.95,25.19,11.21,3.68,38.01,26.68,57.92,51.28,903.83,529.93,438.42,17.85,0.68,0.5,6.62,0.77,0.79,0.49,0.52,1.84,1.28,0.76,1.76,0.44,9.44,23824.92,262.43,5738.84
158,,"Manama, Bahrain",7.29,39.75,6.62,10.6,10.6,0.73,0.33,1.54,1.16,2.77,6.27,0.65,19.87,4.01,5.48,5.56,0.79,5.58,37.1,0.47,21198.62,927.87,667.55,1763.15,1265.56,186.04,0.13,55.98,69.63,34.23,9.27,43.78,42.02,81.56,69.74,2790.6,1668.86,1232.75,6.1,5.3,1.32,5.3,2.36,2.25,1.13,2.42,4.66,2.41,1.52,1.99,0.93,7.89,19147.89,273.61,5624.86
159,,"Lviv, Ukraine",4.51,22.55,3.76,1.41,1.69,0.56,0.4,0.93,0.53,1.16,5.75,0.47,4.51,0.75,1.57,1.69,0.26,3.59,5.64,1.13,22414.44,366.24,255.53,627.22,411.05,82.52,0.04,4.7,17.84,9.28,4.51,62.63,38.78,89.87,100.21,1229.39,599.15,358.12,18.95,1.88,0.26,3.38,0.74,1.47,0.51,1.12,1.24,1.1,1.31,1.11,0.58,5.89,21311.26,191.95,3506.4
160,,"Pristina, Kosovo (Disputed Territory)",3.28,21.88,2.74,1.64,2.19,1.09,0.72,1.02,0.49,1.17,4.55,0.41,4.38,0.72,1.22,2.95,0.44,4.64,15.32,1.27,16412.06,283.48,212.86,487.39,333.21,66.95,0.06,10.99,10.29,5.47,3.28,29.08,24.47,30.98,47.8,1190.68,821.18,514.13,4.22,1.64,0.55,3.28,0.92,1.03,0.37,0.55,1.09,1.12,0.73,1.29,0.63,8.21,17506.2,99.29,2619.49
161,,"Novosibirsk, Russia",5.52,21.41,3.45,1.04,2.27,0.64,0.43,0.79,0.46,0.96,7.18,0.49,5.52,0.81,1.42,1.83,0.32,3.66,11.05,0.61,19737.08,326.37,215.27,619.07,391.49,87.0,0.03,7.49,27.91,15.72,4.7,60.46,39.64,78.04,71.98,1205.07,739.62,413.34,10.76,1.38,0.14,4.14,1.53,1.36,0.4,0.65,1.78,0.94,1.99,1.06,0.38,6.54,17320.01,217.67,2329.13
162,,"Medellin, Colombia",3.37,16.83,4.66,0.84,1.94,0.62,0.61,0.59,0.85,1.46,2.58,0.66,9.32,0.96,1.47,1.55,0.6,3.95,24.81,0.66,15275.33,309.97,237.86,461.69,392.78,51.93,0.04,33.24,19.53,8.56,3.37,44.1,26.07,64.85,59.01,1027.52,1021.99,297.06,11.86,1.24,0.37,6.52,1.81,1.37,0.86,0.6,1.06,1.03,0.99,0.6,0.75,4.51,18420.59,133.92,3208.43
163,,"Brussels, Belgium",16.41,65.65,9.49,4.38,4.38,2.81,2.56,1.07,1.83,2.98,14.24,1.12,7.66,1.41,1.93,7.33,2.3,9.8,53.61,1.61,23250.42,925.5,764.77,1555.86,1302.02,152.44,0.24,47.63,29.77,19.21,12.04,83.7,38.8,85.71,127.04,3635.4,2818.71,2530.06,1.69,3.5,2.19,32.82,2.45,2.43,1.71,1.36,3.41,2.15,2.37,1.87,1.43,15.03,24025.07,781.34,20304.06
164,,"Jerusalem, Israel",17.09,71.2,14.24,7.97,7.97,2.37,1.89,1.59,1.7,3.66,13.07,1.68,11.39,2.48,3.41,9.97,1.68,9.35,60.66,1.81,37591.52,1102.89,798.69,1779.28,1324.25,190.17,0.15,26.33,79.33,17.56,11.39,84.01,57.8,107.09,120.7,8635.19,5019.32,2207.76,3.56,3.42,1.03,25.73,3.1,1.57,1.01,1.46,3.4,2.37,1.44,1.96,1.04,15.03,37983.1,698.82,4414.16
165,,"Melbourne, Australia",11.81,52.48,7.87,6.56,5.9,2.01,1.87,0.98,1.87,3.18,7.39,1.36,9.84,3.73,3.76,20.99,2.95,7.17,104.31,0.97,16590.74,1178.16,902.72,2175.76,1445.49,135.35,0.15,45.32,46.24,14.2,13.12,66.51,35.86,82.19,87.85,6356.89,4975.44,3210.73,3.89,3.41,1.15,22.44,2.92,2.35,2.37,1.74,2.9,1.8,3.35,2.38,1.79,10.38,16458.02,1446.85,13435.58
166,,"Perth, Australia",13.12,65.6,7.87,6.56,5.9,2.02,1.81,1.12,1.86,2.9,6.99,1.73,9.84,3.69,4.33,20.34,3.08,7.11,105.03,0.94,17056.52,952.38,685.54,1603.83,1050.83,144.34,0.41,46.88,42.33,12.52,12.79,65.14,40.17,84.97,100.33,4464.99,3208.9,2948.07,4.22,3.61,1.13,32.14,2.62,2.27,1.8,1.38,3.04,2.08,2.71,2.25,1.39,9.57,16656.67,1201.77,12342.14
167,,"Sydney, Australia",12.11,65.46,7.85,5.24,5.24,2.07,1.79,1.04,1.88,2.97,8.66,1.66,10.15,3.72,4.16,22.91,2.95,7.56,137.46,1.0,18128.56,1714.66,1212.03,3083.23,1990.82,127.46,0.47,46.57,53.12,14.76,13.09,65.52,40.61,94.11,105.18,9612.29,5719.03,3492.6,3.58,2.68,1.44,36.92,2.99,2.64,2.24,1.77,2.67,1.82,3.46,2.42,1.88,12.58,16593.97,1485.18,14987.13
168,,"Bologna, Italy",16.41,60.18,8.75,5.47,4.38,2.61,1.09,1.28,2.24,3.63,17.78,0.48,6.02,1.54,2.02,6.02,1.64,10.35,39.39,1.71,24071.02,761.07,601.43,1481.29,1081.88,155.31,0.17,31.73,53.1,20.12,9.85,81.33,30.64,92.86,133.12,3841.35,2520.42,1582.27,1.9,5.47,1.31,26.26,2.04,2.24,1.18,1.28,1.55,2.2,2.21,1.97,1.2,17.44,24536.21,579.49,14497.32
169,,"Alexandria, Egypt",3.17,17.74,3.8,1.9,3.17,0.34,0.22,0.94,0.55,1.17,4.15,0.32,8.24,1.66,2.38,2.53,0.25,4.81,9.5,0.46,28032.23,165.98,101.6,339.16,198.11,20.29,0.01,18.13,25.39,8.05,4.43,37.88,43.74,128.21,49.44,765.96,324.59,185.59,15.83,0.44,0.18,2.53,1.73,0.49,0.45,0.23,1.72,0.8,0.45,0.79,0.38,9.85,26464.33,68.85,2516.71
170,,"Quito, Ecuador",3.25,35.0,6.0,2.0,3.5,0.82,0.57,0.98,1.52,1.81,5.77,1.03,10.0,1.49,3.07,5.25,0.25,6.24,30.0,0.69,22000.0,425.38,264.4,856.0,515.38,45.67,0.13,42.31,53.28,22.05,6.0,67.0,48.7,102.69,95.19,1504.17,1034.62,553.56,10.97,1.5,1.5,10.0,2.0,1.4,1.09,0.64,2.18,1.48,1.27,1.06,1.19,6.89,27325.91,330.71,7850.0
