City,State,Country,Cost of Living Plus Rent Index,CLI,Rent Index,Groceries Index,Restaurant Price Index,Local Purchasing Power Index,Leverage Model 1,Leverage Model 2
Zurich,," Switzerland",108.77,149.53,66.76,163.71,140.58,126.3,0.042957244,0.0411214034
Hamilton,," Bermuda",133.2,148.13,117.8,145.2,152.54,93.42,0.0774430876,0.0411366574
Zug,," Switzerland",105.54,142.54,67.39,148.36,143.18,105.62,0.0349282104,0.0346190907
Geneva,," Switzerland",106.73,142.12,70.25,147.13,138.96,115.2,0.0302420791,0.0302317487
Basel,," Switzerland",97.47,142.02,51.54,149.54,131.72,113.13,0.0380611023,0.0321463017
Bern,," Switzerland",91.11,135.51,45.33,145.72,122.48,101.65,0.0402449754,0.0327308225
Lausanne,," Switzerland",93.56,131.38,54.56,136.95,127.87,112.33,0.0253502395,0.0233127712
Reykjavik,," Iceland",93.89,130.73,55.9,128.37,140.61,68.49,0.0404492292,0.0396821134
Lugano,," Switzerland",88.62,124.39,51.73,120.83,127.53,108.92,0.0189710074,0.0177095646
Stavanger,," Norway",77.8,116.98,37.4,107.72,142.61,101,0.0386749858,0.0306850557
Trondheim,," Norway",79.22,116.02,41.27,110.1,128.03,93.68,0.0242684687,0.0204658261
Oslo,," Norway",81.9,114.78,47.99,111.48,126.2,86.67,0.0222531002,0.0212287579
Bergen,," Norway",76.68,112.66,39.58,106.84,117.45,87.68,0.0190490991,0.0161570277
Nassau,," Bahamas",74.04,109.58,37.4,103.09,99.27,43.82,0.0248538432,0.0239424437
Honolulu," HI"," United States",84.44,103.32,64.98,121.83,88.49,84.93,0.0270636672,0.0236299377
San Francisco," CA"," United States",110.65,101.94,119.63,116.73,93.57,104.4,0.0937956978,0.0145010596
Anchorage," AK"," United States",72.2,101.9,41.57,109.58,88.67,130.22,0.0127419401,0.0114532651
Brooklyn," NY"," United States",89.47,101.06,77.52,105.51,106.84,82.64,0.0266101921,0.0132293839
New York," NY"," United States",100,100,100,100,100,100,0.0546144849,0.0076209464
Rockville," MD"," United States",80.39,98.81,61.4,97.2,71.68,135.58,0.0183920244,0.0127794078
Tokyo,," Japan",68.65,97.71,38.68,107.25,57.87,93.49,0.0262413701,0.026175923
Copenhagen,," Denmark",73.74,97.14,49.61,78.25,113.91,93.39,0.0212395387,0.020618939
Washington," DC"," United States",85.31,95.96,74.32,96.97,90.78,107.86,0.020076006,0.0056912103
New Haven," CT"," United States",70.95,94.1,47.09,112.78,91.54,114.53,0.012088156,0.0118592738
Berkeley," CA"," United States",85.24,93.86,76.36,109.86,81.71,87.37,0.0311593942,0.0153166514
Seattle," WA"," United States",79.6,93.31,65.46,98.17,86.72,121.29,0.0132704183,0.0066283359
Arlington," VA"," United States",80.67,93.17,67.79,93.16,85.61,117.45,0.0151769754,0.0052902694
Aalborg,," Denmark",59.24,92.12,25.34,77.34,104.6,89.9,0.018448825,0.0141593992
Tel Aviv-Yafo,," Israel",71.12,92.09,49.51,80.75,96.79,93,0.009410207,0.0080925218
Santa Rosa," CA"," United States",73.76,91.92,55.04,97.22,78.7,116.21,0.0097995354,0.0075089412
Sydney,," Australia",79.08,91.42,66.35,88.91,75.94,102.69,0.0169675368,0.0045925994
Limerick,," Ireland",58.5,91.28,24.7,90.69,80.66,80.06,0.0099246422,0.0061617579
Stockholm,," Sweden",67.46,91.21,42.98,87.98,91.35,88.09,0.005893897,0.0058542223
Bellevue," WA"," United States",79.75,91.18,67.97,97.99,80.55,138.68,0.0188986002,0.0103203847
Perth,," Australia",65.89,91.03,39.98,89.61,94.19,105.98,0.0056470444,0.0054035265
Auckland,," New Zealand",68.07,90.97,44.46,86.28,77.66,90.77,0.0046363704,0.0039784803
Oakland," CA"," United States",84.8,90.73,78.69,97.63,84.79,91.15,0.0286989292,0.0070728845
Jerusalem,," Israel",64.15,90.73,36.74,75.74,99.24,73.51,0.0136159947,0.0135661812
Miami," FL"," United States",77.27,90.68,63.46,93.95,98.47,89.18,0.0138550004,0.0078870797
Boston," MA"," United States",84.41,90.23,78.41,93.76,87.59,112.94,0.0253269034,0.0050967678
Hamilton,," New Zealand",58.53,90.22,25.86,84.08,86.07,122.44,0.0095033057,0.0053073164
Paris,," France",68.23,89.98,45.8,87.3,88.3,89.07,0.0055204802,0.0050711305
Darwin,," Australia",68,89.91,45.41,91.03,95.6,97.2,0.0061638112,0.0061234919
London,," United Kingdom",81.48,89.34,73.37,67.7,96.34,77.75,0.0388662854,0.0145051366
Cairns,," Australia",59.35,88.52,29.28,87.81,80.18,78.43,0.0069911813,0.0055545312
Dublin,," Ireland",71.83,88.49,54.65,73.25,91.98,82.09,0.0143773394,0.0088787638
Charleston," SC"," United States",68.92,88.41,48.83,98.58,78.7,111.13,0.0083168985,0.007839623
Linz,," Austria",58.8,88.39,28.3,86.61,84.92,81.61,0.0073596485,0.0052935811
Amsterdam,," Netherlands",70.07,88.25,51.33,75.16,92.24,85.23,0.011341606,0.0081024311
Singapore,," Singapore",77.69,88.07,66.99,81.34,61.4,88.14,0.0246707208,0.0050797325
Philadelphia," PA"," United States",68.83,87.74,49.34,91.14,80.92,115.92,0.006060009,0.0051609706
Luxembourg,," Luxembourg",71.32,87.43,54.71,76.46,97.79,104.71,0.0131477207,0.0096583719
Melbourne," FL"," United States",59.47,87.34,30.73,104.43,81.84,136.52,0.017009189,0.0120757573
Helsinki,," Finland",63.88,87.24,39.8,76.39,92.69,99.09,0.0072252057,0.0072139608
Burlington," VT"," United States",64.52,87.21,41.14,97.28,82.09,95.31,0.0069064347,0.0068584976
Arhus,," Denmark",59.79,87.12,31.61,67.21,99.8,102.14,0.016669083,0.0159860244
Lyon,," France",56.22,87.04,24.45,86.32,79.12,85.83,0.007596876,0.0043247027
Beersheba,," Israel",53.43,86.99,18.83,75.86,84.99,79.89,0.0105243986,0.0055019488
Tacoma," WA"," United States",62.26,86.78,36.99,91.42,75.32,110.13,0.006002225,0.0057747542
Antwerp,," Belgium",56.89,86.24,26.63,79.59,94.81,76.93,0.0119218479,0.0093338926
Melbourne,," Australia",65.38,86.11,44.02,87.3,76.69,111.5,0.0048179823,0.0045075385
Adelaide,," Australia",60.14,86.08,33.39,86.53,78.04,105.84,0.0045325625,0.0039046
Dusseldorf,," Germany",60.62,85.92,34.53,70.52,82.69,95.7,0.0050686881,0.0050662322
Seoul,," South Korea",60.05,85.89,33.41,107.03,47.48,84.05,0.0363743697,0.0360491313
Baltimore," MD"," United States",66.93,85.65,47.62,91.75,82.5,109.07,0.005280469,0.0047680356
Ramat Gan,," Israel",61.41,85.61,36.47,73.09,89.45,108.03,0.0072434186,0.0072072219
Christchurch,," New Zealand",58.7,85.39,31.18,83.29,80.42,76.59,0.0054961492,0.0049159102
Minneapolis," MN"," United States",64.81,85.38,43.62,96.04,78.89,115.28,0.0069365058,0.0069320724
Boulder," CO"," United States",70.38,85.34,54.96,90.71,79.07,130.31,0.0098364406,0.0071944453
Gent,," Belgium",55.76,85.32,25.28,77.08,90.47,82.14,0.0097372401,0.0071329926
San Jose," CA"," United States",84.39,85.13,83.63,90.68,84.04,140.74,0.035161793,0.0085822571
Queens," NY"," United States",74.5,84.7,63.98,80.22,88.5,98.73,0.0153369608,0.0048314508
St. John's," NL"," Canada",53.71,84.62,21.85,93.44,81.38,82.76,0.0127880181,0.006710803
Brisbane,," Australia",63.62,84.56,42.04,82.3,80.38,110.56,0.0038937892,0.0037319896
Portland," ME"," United States",62.74,84.53,40.28,91.22,89.26,98.86,0.0049938793,0.0048914349
Leuven,," Belgium",56.54,84.43,27.78,85.53,78.74,72.27,0.0073438545,0.0058759223
Hobart,," Australia",57.47,84.43,29.67,85.04,90.66,87.21,0.0077103456,0.0057438707
Chicago," IL"," United States",70.81,84.39,56.81,83.89,83.68,118.59,0.0091236872,0.0046550747
Milan,," Italy",62.53,84.32,40.06,76.95,88.99,61.78,0.0103661246,0.010065961
Akron," OH"," United States",53.1,84.18,21.06,96.39,66.97,77.07,0.0173593342,0.0123385924
Frankfurt,," Germany",60.64,84.17,36.38,74.43,79.26,98.02,0.0034220639,0.0034095065
Olympia," WA"," United States",58.13,84.07,31.38,92.66,73.7,171.26,0.0249920501,0.0219118655
Gothenburg,," Sweden",57.16,84.06,29.42,79.16,89.95,96.41,0.0071079807,0.0055083217
Wellington,," New Zealand",60.72,83.98,36.74,82.91,75.43,133.6,0.0076506794,0.0075033752
Hartford," CT"," United States",63.65,83.7,42.97,86.3,86.72,101.18,0.0041852955,0.0041093893
Florence,," Italy",56.54,83.56,28.68,73.49,84.31,56.89,0.0099938668,0.0095897061
Saskatoon,," Canada",56.21,83.15,28.44,90.72,71.67,83.67,0.0083078303,0.0067782408
Reading,," United Kingdom",61.84,83.15,39.87,71.07,93.22,102.32,0.0096517118,0.0095721433
Allentown," PA"," United States",59.22,83.1,34.6,90.72,70.47,93.39,0.0066869085,0.0064542263
The Hague (Den Haag),," Netherlands",58.26,83.07,32.69,69.21,88.64,94.94,0.008133342,0.0079772462
Haifa,," Israel",52.8,82.9,21.77,69.55,90.85,114.85,0.0142782188,0.0099716571
Aberdeen,," United Kingdom",57.66,82.82,31.71,70.07,94.86,102.77,0.0116320892,0.0109975821
Canberra,," Australia",63.52,82.81,43.63,82.67,80.31,118.74,0.0048316165,0.0045550835
Irvine," CA"," United States",74.33,82.79,65.6,88.68,79,126.76,0.0160694947,0.006254584
Sacramento," CA"," United States",63.45,82.76,43.53,87.64,75.56,121.89,0.0060610725,0.0058855436
Everett," WA"," United States",62.27,82.76,41.16,94.42,72.62,100.36,0.0074837272,0.007471388
Brussels,," Belgium",58.8,82.68,34.19,74.25,90.76,86.75,0.0076810268,0.0075342046
Fort Collins," CO"," United States",61.98,82.53,40.78,95.23,71.33,63.35,0.012880581,0.0127280033
Halifax,," Canada",55.72,82.49,28.13,89.36,82.37,78.76,0.0081661482,0.0059956929
Cambridge,," United Kingdom",63.57,82.43,44.13,69.24,93.5,93.6,0.0115834007,0.0106198558
Genoa,," Italy",52.13,82.35,20.97,75.05,78,57,0.0096908859,0.0073319824
New Orleans," LA"," United States",62.01,82.33,41.07,85.51,84.97,101.33,0.0038717506,0.0038608807
Pittsburgh," PA"," United States",61.09,82.25,39.28,84.36,74.44,131.51,0.0073062845,0.0073023574
Tampere,," Finland",54.67,82.15,26.35,71.95,87.94,94.02,0.008355687,0.0066483319
Los Angeles," CA"," United States",74.94,82.11,67.55,82.06,84.13,118.09,0.0175873874,0.0047316573
Turku,," Finland",54,82.07,25.07,73.27,86.38,105.86,0.0083943089,0.0058724208
Hamburg,," Germany",57.3,81.95,31.88,70.58,71.82,95.78,0.0026586249,0.0026481234
Orlando," FL"," United States",61.32,81.87,40.14,89.93,77.83,117.11,0.0054362115,0.0054178336
Portland," OR"," United States",67.06,81.72,51.94,85.72,71.25,122.71,0.009432492,0.0065173362
Maastricht,," Netherlands",56.24,81.71,29.99,75.19,80.65,90.25,0.0041612121,0.0036358495
Denver," CO"," United States",68.12,81.71,54.11,84.5,79.32,129.35,0.0093821506,0.0062825375
Saint Paul," MN"," United States",60.22,81.64,38.14,88.63,73.01,88.16,0.0052891765,0.0052875369
Cork,," Ireland",59.61,81.57,36.96,68.09,86.58,88.99,0.0076374053,0.0075366836
Asheville," NC"," United States",59.25,81.19,36.62,95.78,69.44,129.28,0.0124180942,0.0119208273
Santa Barbara," CA"," United States",75.91,81.14,70.52,80.42,86.66,176.22,0.0342934992,0.0223348512
Toulouse,," France",53.31,81,24.76,78.82,79.73,102.14,0.0059143186,0.0032481268
Indianapolis," IN"," United States",56.1,80.87,30.57,86.66,76.61,85.5,0.0053755557,0.0044753101
Red Deer,," Canada",53.67,80.82,25.67,79.29,78.42,91.82,0.0050387025,0.0030635376
Lund,," Sweden",51.87,80.82,22.03,77.83,81.28,102.88,0.007551745,0.0035499326
Lethbridge," AB"," Canada",52.97,80.81,24.26,82.39,61.44,96.37,0.0072479043,0.0055891099
Utrecht,," Netherlands",59.67,80.7,37.98,68.94,90.5,93.44,0.0091385159,0.009065044
Jersey City," NJ"," United States",74.46,80.7,68.03,81.67,78.18,140.69,0.0221615279,0.0090027861
Atlanta," GA"," United States",62.72,80.68,44.2,86.13,77.17,136.03,0.0081917759,0.0080335966
Padova,," Italy",51.6,80.46,21.85,68.41,80.4,63.35,0.0090073273,0.0073682106
Munich,," Germany",61.67,80.31,42.45,67.7,77.84,108.18,0.0065014723,0.0052420787
Eugene," OR"," United States",56.19,80.22,31.42,94.92,67.22,108.26,0.0112088617,0.009983946
Oxford,," United Kingdom",65.86,80.09,51.18,64.02,79.84,74.67,0.0137912773,0.0067596279
San Diego," CA"," United States",70.49,79.89,60.79,83.15,78.95,129.95,0.0136535103,0.0063960619
Cleveland," OH"," United States",55.33,79.64,30.27,78,79.61,112.89,0.004981056,0.0040403378
West Palm Beach," FL"," United States",62.16,79.61,44.16,85.54,78.17,108.9,0.0042835923,0.0038900363
Osaka,," Japan",52.25,79.56,24.08,80.91,44.73,94.8,0.0134437236,0.0128319499
Detroit," MI"," United States",58.48,79.5,36.81,82.7,67.57,124.39,0.0071206155,0.0071156895
Jacksonville," FL"," United States",56.95,79.48,33.71,86.89,72.29,95.46,0.0047907408,0.0045245178
Milwaukee," WI"," United States",56.93,79.48,33.67,81.2,75.73,127.22,0.006504996,0.00605522
Barrie,," Canada",53.09,79.28,26.09,81.44,76.13,94.54,0.004989189,0.0030390638
Hong Kong,," Hong Kong",80.93,79.24,82.67,83.4,56.3,74.04,0.0529074155,0.0085081824
Gold Coast,," Australia",58.79,79.24,37.71,81.07,72.99,110.96,0.0038775782,0.0038708489
Malmo,," Sweden",53.58,79.24,27.11,76.99,83.08,106.32,0.0060553254,0.0041475772
Fayetteville," AR"," United States",51.43,79.07,22.93,88.7,67.54,80.29,0.0101288313,0.0071139609
Waterloo,," Canada",53.82,79.02,27.85,80.05,69.05,111.27,0.005401055,0.0042675138
Greensboro," NC"," United States",52.53,78.98,25.26,90.06,61.02,133.43,0.0175382325,0.0143899973
Tampa," FL"," United States",61.98,78.92,44.51,85.17,80.01,102.73,0.0040300424,0.0035514578
Bergamo,," Italy",50.28,78.83,20.86,67.3,88.8,73.7,0.0131306095,0.0102839501
Memphis," TN"," United States",54.19,78.8,28.82,84.63,73.14,125.81,0.0082837864,0.006439166
Newcastle,," Australia",60.18,78.76,41.02,80.92,83.53,119.36,0.0049452386,0.0049198546
Galway,," Ireland",55.81,78.64,32.27,70.26,78.87,98.66,0.0041501572,0.0040841078
Rome,," Italy",59.7,78.6,40.21,71.13,81.95,59.82,0.0092507201,0.0082368085
Edinburgh,," United Kingdom",55.99,78.57,32.71,71.7,79.39,93.93,0.0038541627,0.0038018575
Plano," TX"," United States",59.68,78.55,40.22,78.1,66.46,149.09,0.0139473356,0.0138097849
Grand Rapids," MI"," United States",55.96,78.54,32.68,82.13,72.53,122.5,0.0061241663,0.0056229958
Parma,," Italy",51.02,78.4,22.79,64.52,93.46,72.13,0.0169577874,0.0148889851
Saint Petersburg," FL"," United States",59.99,78.32,41.09,82.17,79.2,133.67,0.0071965575,0.0071840977
Nashville," TN"," United States",62.69,78.28,46.63,83.87,74.48,116.83,0.0058262379,0.0047279992
Little Rock," AR"," United States",52.29,78.2,25.58,90.26,66.91,111.23,0.0108501327,0.0079400509
Austin," TX"," United States",65.18,78.12,51.84,81.79,77.67,122.65,0.007940563,0.0051377644
Eindhoven,," Netherlands",55.21,77.8,31.93,60.84,89.83,101.65,0.0134347429,0.0133690883
Des Moines," IA"," United States",55.19,77.79,31.89,92.55,65.1,84.89,0.0101345646,0.0096614075
Uppsala,," Sweden",52.65,77.78,26.74,68.2,84.22,98.13,0.0075279304,0.0064419928
Fort Lauderdale," FL"," United States",65.42,77.71,52.75,79.97,78.35,102.52,0.0072262965,0.0031302372
Harrisburg," PA"," United States",52.5,77.53,26.7,88.04,66.89,116.75,0.0099527034,0.0076433523
Rotterdam,," Netherlands",54.6,77.47,31.02,61.07,85.16,97.14,0.0102538872,0.0102067747
Bologna,," Italy",51.45,77.24,24.86,70.57,81.97,66.96,0.0080810995,0.0069873968
Fresno," CA"," United States",54.78,77.15,31.72,78.07,77.2,131.93,0.0079062538,0.007124036
Syracuse," NY"," United States",53.09,76.96,28.49,81.82,65.68,84.89,0.0048565662,0.0043293828
Lille,," France",50.61,76.74,23.66,67.3,72.73,83.01,0.004034492,0.0031078047
Coventry,," United Kingdom",51.18,76.71,24.87,65.03,68.85,106.76,0.0048099728,0.0041415047
Heidelberg,," Germany",55.78,76.57,34.35,67.21,67.16,121.62,0.0063892959,0.0063247856
Nottingham,," United Kingdom",50.48,76.43,23.73,68.24,73.62,95.28,0.0044626489,0.0032015944
Victoria,," Canada",56.21,76.43,35.37,82.8,70.21,100.1,0.0037851397,0.0037704728
Charlotte," NC"," United States",58.66,76.42,40.35,80.07,75.86,99.98,0.0031899841,0.0029541844
Richmond," VA"," United States",56.68,76.27,36.48,88.48,65.84,110.98,0.007570436,0.0075394814
Buffalo," NY"," United States",53.27,76.25,29.56,76.76,74.27,93.86,0.0031176735,0.0026272149
York,," United Kingdom",52.44,76.24,27.91,67.26,83.31,101.79,0.0073410814,0.0066031322
Trieste,," Italy",48.9,76.2,20.74,72.81,83.25,80.27,0.008683496,0.0053482713
Calgary,," Canada",54.29,76.09,31.82,76.3,70.71,117.87,0.0049484205,0.0046982976
Vienna,," Austria",54.19,75.98,31.71,72.42,70.77,88.36,0.0023543968,0.0023437386
Brighton,," United Kingdom",59.03,75.98,41.55,60.75,84.26,76.23,0.0121917543,0.0102758638
Dayton," OH"," United States",48.92,75.86,21.14,87.31,59.68,92.25,0.0117829274,0.0085199586
Augusta," GA"," United States",48.59,75.83,20.52,83.71,65.58,100.72,0.0089643485,0.005037404
Newark," NJ"," United States",56.73,75.82,37.05,68.82,85.79,96.8,0.0068968353,0.0068327277
Raleigh," NC"," United States",57.23,75.81,38.07,87.07,71.67,137.76,0.0099473573,0.0098528867
Greenville," SC"," United States",56.15,75.75,35.94,85.7,67.11,116.46,0.0067650836,0.0067166523
Saint Louis," MO"," United States",53.24,75.57,30.21,79.36,71.65,138.13,0.0102007855,0.0091276256
Edmonton,," Canada",52.68,75.51,29.15,77.57,68.17,97.38,0.0033331854,0.0029105427
Birmingham," AL"," United States",52.1,75.32,28.16,78.05,74.72,130.74,0.0085499065,0.0069324459
Nantes,," France",48.9,75.22,21.77,69.74,75.54,103.53,0.0062280731,0.0037815179
Sliema,," Malta",53.23,75.21,30.56,68.97,78.48,67.89,0.0058266766,0.0058046215
Glasgow,," United Kingdom",52.08,75.2,28.24,64.82,82.93,99.45,0.0078056609,0.0073315444
Bristol,," United Kingdom",56.72,75.15,37.72,64.98,85.55,90.65,0.0086090225,0.0083030293
Norwich,," United Kingdom",50.2,75.1,24.54,59.03,77.77,77.85,0.0078539598,0.0074774311
Manchester,," United Kingdom",52.53,75.02,29.34,64.27,83.63,82.15,0.0080694712,0.0079177542
Shreveport," LA"," United States",49.83,75.01,23.88,83.48,67.61,66.12,0.008308679,0.006662348
Graz,," Austria",49.38,74.98,22.98,72.61,62.51,96.54,0.0040490871,0.0028374853
Houston," TX"," United States",59.8,74.95,44.18,79.6,72.1,147.15,0.0123019175,0.0118211141
Groningen,," Netherlands",51.56,74.95,27.45,64.61,83.66,90.22,0.0080616153,0.0075396479
Durham," NC"," United States",55.3,74.94,35.04,82.87,65.67,150.01,0.0151149282,0.0148821274
Louisville," KY"," United States",51.97,74.89,28.35,87.46,64.14,106.05,0.0085429813,0.0073084553
Vancouver,," Canada",62.06,74.67,49.07,80.43,68.51,81.79,0.007573727,0.0036718335
Columbia," SC"," United States",52.67,74.6,30.07,84.2,69.25,73.57,0.0059767698,0.0056036062
Stuttgart,," Germany",53.36,74.52,31.54,56.92,72.24,114.35,0.0090545315,0.009007593
Tallahassee," FL"," United States",52.42,74.38,29.79,86.14,59.97,89.04,0.0081485067,0.0077807429
Mississauga,," Canada",54.99,74.34,35.04,74.52,65.37,90.91,0.0026861766,0.0025451272
Rochester," NY"," United States",52.32,74.12,29.85,80.49,73.53,121.55,0.0062649401,0.0051976962
Las Vegas," NV"," United States",52.77,74.03,30.85,70.97,77.69,137.36,0.0106142711,0.0100064191
San Juan,," Puerto Rico",51.4,73.99,28.12,74.15,67.26,89.06,0.0026722911,0.0023675672
Dubai,," United Arab Emirates",72.95,73.95,71.92,65.13,65.95,101.67,0.033146519,0.0032494564
Spokane," WA"," United States",50.73,73.72,27.02,77.5,67.93,108.18,0.0047648724,0.0037346251
Manchester," NH"," United States",53.93,73.64,33.62,81.09,67.9,102.95,0.0039618932,0.0039019268
Salem," OR"," United States",51.89,73.33,29.8,76.12,73.66,90.58,0.0029398458,0.0025821702
Cincinnati," OH"," United States",53.12,73.22,32.4,72.84,70.24,108.68,0.0035010698,0.003463487
Kelowna,," Canada",53.31,73.2,32.8,78.56,67.77,95.08,0.0030784041,0.0030461209
Fredericton,," Canada",46.28,73.1,18.62,76.98,70.32,88.24,0.0065555838,0.0026155284
Tulsa," OK"," United States",51.43,73.08,29.11,79.06,65.4,108.64,0.0050135185,0.0044696042
Fort Worth," TX"," United States",54.48,73.02,35.36,75.47,67.27,138.85,0.0101478745,0.0101390014
Regina,," Canada",50.43,73.02,27.15,76.75,65.63,97.16,0.0037214568,0.0030679302
Lexington," KY"," United States",50.78,73.01,27.86,77.85,64.7,104.85,0.0046200502,0.0039783764
Gatineau,," Canada",46.23,72.96,18.66,80.92,65.61,96.95,0.0083453592,0.0040066435
Chattanooga," TN"," United States",50.39,72.94,27.14,80.35,65.89,116.33,0.0069265273,0.0056549153
Montevideo,," Uruguay",46.9,72.91,20.09,58.79,74.81,29.29,0.0160986851,0.0156382263
Toronto,," Canada",57.99,72.88,42.64,69.07,69.34,103.98,0.0050546754,0.0031978933
Virginia Beach," VA"," United States",55.24,72.88,37.05,75.53,69.37,126.81,0.0066171577,0.0065870634
Southampton,," United Kingdom",52.33,72.77,31.26,61.49,76.78,95.25,0.0060515963,0.0060496826
Nanaimo," BC"," Canada",48.38,72.64,23.36,81.24,60.16,85.7,0.0069578459,0.0054412037
Karlsruhe,," Germany",48.99,72.62,24.63,54.69,78.94,113.65,0.0134270807,0.0128218113
Wichita," KS"," United States",49.08,72.56,24.87,78.53,68.65,94.16,0.0044499528,0.0029282541
Columbus," OH"," United States",53.68,72.48,34.29,72.85,65.5,127.65,0.0073572249,0.007356969
Bilbao,," Spain",50.93,72.42,28.78,67.13,72.53,78.55,0.0033395379,0.0032817994
London,," Canada",48.74,72.36,24.38,72.67,66.58,94.42,0.003411473,0.002386672
Leeds,," United Kingdom",50.52,72.34,28.02,63.62,80.12,92.16,0.0066688638,0.0063890496
Fremont," CA"," United States",72.09,72.33,71.85,64.86,76.33,139.47,0.0363010584,0.0127555123
Berlin,," Germany",51.71,72.32,30.47,61.25,59.88,96.65,0.0031569616,0.0029971756
Bonn,," Germany",50.37,72.23,27.82,56.55,68.41,98.18,0.005583268,0.005583187
Fort Myers," FL"," United States",51.67,72.08,30.63,79.19,64.03,71.17,0.0048461128,0.0048151542
Bakersfield," CA"," United States",50.47,72.08,28.2,75.73,68.96,110.66,0.0044763577,0.0037697383
Sheffield,," United Kingdom",48.41,72.06,24.02,55.84,82.37,104.15,0.0132797554,0.0124453748
Naples,," Italy",46.54,71.97,20.33,70.24,61.38,47.72,0.0072674445,0.0064689421
Fort Wayne," IN"," United States",47.29,71.94,21.88,81.86,68.39,127.49,0.0115564858,0.0073820401
Quebec City,," Canada",45.27,71.94,17.78,76.11,64.92,101.72,0.0074889629,0.0033611407
Winnipeg,," Canada",48.58,71.85,24.59,73.05,67.34,91.56,0.0032906299,0.0022998154
Cologne,," Germany",50.07,71.65,27.81,55.35,69.27,111,0.0082783665,0.008268481
Turin,," Italy",46.91,71.63,21.43,61.23,74.34,73.54,0.0064117456,0.0054589752
Phoenix," AZ"," United States",52.04,71.45,32.02,67.59,77.01,122.68,0.0075146657,0.007395549
Ann Arbor," MI"," United States",56.99,71.41,42.12,72.37,62.74,152.98,0.017285166,0.0164509725
Vancouver," WA"," United States",52.19,71.41,32.38,69.54,67.33,114.44,0.0045741811,0.0045727783
Taipei,," Taiwan",46.19,71.4,20.2,90.68,33.04,98.3,0.0336490376,0.0317255745
Surrey,," Canada",50.79,71.37,29.56,75.26,65.61,74.38,0.0033085931,0.0032544604
Guelph,," Canada",50.15,71.22,28.42,70.26,68.49,96.81,0.0026955769,0.0024828688
Windsor,," Canada",46.04,71.18,20.12,66.44,62.45,106.15,0.0054003114,0.0036706867
Ottawa,," Canada",51.52,71.16,31.28,68.1,73.36,110.28,0.0045823363,0.0045182589
Newcastle Upon Tyne,," United Kingdom",48.17,70.97,24.67,56.47,79.46,105.44,0.0112793475,0.0106633344
Pensacola," FL"," United States",49.78,70.9,28,75.85,64.15,116.64,0.0060155041,0.0053872589
Kingston,," Canada",49.9,70.82,28.33,72.66,62.66,86.31,0.0025846588,0.0024850153
Madison," WI"," United States",54.26,70.79,37.22,70.54,69.64,120.06,0.0056784817,0.005480797
Nuremberg,," Germany",47.49,70.68,23.59,55.33,70.2,120.3,0.0111427736,0.0105667528
Birmingham,," United Kingdom",49.41,70.65,27.5,58.41,76.05,95.4,0.0072215336,0.0071261621
Cardiff,," United Kingdom",48.59,70.64,25.85,67.39,70.64,95.26,0.003390738,0.0028579203
Moncton,," Canada",44.83,70.55,18.32,71.92,64.2,94.85,0.0054348557,0.0024919517
Dallas," TX"," United States",54.78,70.47,38.6,69.25,68.82,171.08,0.0243681636,0.0243059714
Montreal,," Canada",48.03,70.42,24.94,74.77,65.86,99.17,0.0039639652,0.0028742284
Palma De Mallorca,," Spain",46.31,70.38,21.48,62.43,66.72,72.7,0.003674048,0.0030324484
Toledo," OH"," United States",46.13,70.34,21.16,65.31,59.33,122.39,0.00874699,0.0073261556
Gainesville," FL"," United States",49.52,70.31,28.09,74.31,62.58,89.78,0.0030017418,0.0028076486
Salt Lake City," UT"," United States",53.67,70.3,36.53,70.54,71.5,137.74,0.0099505749,0.0099287908
Brescia,," Italy",44.54,70.11,18.17,60.99,74.19,79.03,0.0072316354,0.0051636224
Aachen,," Germany",46.63,69.94,22.61,57.61,64.01,118.22,0.0085186311,0.0078951289
Kansas City," MO"," United States",49.92,69.9,29.32,70.8,64.51,134.67,0.0099053797,0.0095582924
Doha,," Qatar",69.29,69.87,68.7,59.25,72.43,97.51,0.0320110956,0.0056208786
Marseille,," France",46.14,69.73,21.83,66.57,66.26,94.45,0.0036807699,0.0024764902
Mobile," AL"," United States",47.37,69.53,24.51,74.84,66.25,123.62,0.0080717113,0.0063053901
Albuquerque," NM"," United States",47.68,69.52,25.16,72.62,68.17,123.47,0.0075254257,0.0060673404
Liverpool,," United Kingdom",46.77,69.35,23.49,53.69,80.98,98.9,0.0132499549,0.0125876361
Kingston,," Jamaica",42.32,69.25,14.56,73.27,40.14,27.35,0.0188066023,0.0177892521
Taichung,," Taiwan",40.97,69,12.07,89.23,30.56,51.13,0.0381765419,0.0345219291
Belfast,," United Kingdom",45.73,68.51,22.25,63.53,76.9,96.37,0.0068860693,0.0053719867
Malta,," Malta",46.12,68.4,23.15,54.56,69.94,57.76,0.007567479,0.0075153595
Dresden,," Germany",44.36,68.2,19.77,55.23,55.27,107.42,0.006285775,0.0057475271
Barcelona,," Spain",49.29,68,30,58.54,64.74,70.89,0.0036532546,0.0033627902
Abu Dhabi,," United Arab Emirates",68.74,67.76,69.75,58.86,65.94,124.98,0.0367075182,0.0093993677
Madrid,," Spain",49.37,67.57,30.6,59.52,65.45,77.35,0.0033204713,0.0030678692
Oklahoma City," OK"," United States",47.39,67.35,26.8,72.88,61.47,127.31,0.0087926966,0.0080644315
Bremen,," Germany",44.65,67.22,21.38,51.25,65.82,128.83,0.0148825344,0.0141719953
Beirut,," Lebanon",52.15,67.13,36.7,51.31,63.74,47.18,0.0113892466,0.007632573
Knoxville," TN"," United States",48.65,66.87,29.87,69.13,65.7,129.1,0.0081613555,0.0079723849
Accra,," Ghana",52.85,66.86,38.4,68.33,43.66,13.25,0.0237129436,0.0182469528
Leipzig,," Germany",43.39,66.65,19.4,51.09,60.34,84.79,0.0047547209,0.004443076
Boise," ID"," United States",47.31,66.58,27.45,67.43,67.32,108.08,0.0041028389,0.0038069588
College Station," TX"," United States",49.84,66.43,32.74,75.55,59.93,100.41,0.0041499406,0.0041401943
Huntsville," AL"," United States",47.71,66.34,28.5,70.03,63.59,132.14,0.0093874755,0.0090046018
Hamilton,," Canada",45.94,65.63,25.64,59.21,66.22,103.59,0.0050029808,0.0048529842
Nicosia,," Cyprus",40.78,65.45,15.34,55.82,75.69,80.35,0.0106051019,0.0078572837
Tucson," AZ"," United States",44.98,65.37,23.96,66.41,65.65,133.7,0.0110550883,0.0097532117
Kitchener,," Canada",45.59,64.9,25.68,61.13,61.39,110.51,0.0052579374,0.0051084934
Zaragoza (Saragossa),," Spain",40.08,64.59,14.82,56,58.6,67.12,0.0041409636,0.0028212287
Panama City,," Panama",49.18,64.58,33.31,68.4,55.38,31.18,0.0118606994,0.0104454433
San Antonio," TX"," United States",50.28,64.53,35.59,64.35,64.45,151.28,0.016943377,0.0168262956
Ljubljana,," Slovenia",41.91,64.38,18.75,55.71,52.85,62.86,0.0027035584,0.0025207536
Athens," GA"," United States",44.69,63.81,24.98,61.12,69.13,115.33,0.007244318,0.0067083138
Springfield," MO"," United States",41.46,63.53,18.71,70.79,59.02,75,0.0045384675,0.0028399662
Athens,," Greece",38.37,63.17,12.8,52.05,62.51,46.02,0.0085662207,0.0071765683
San Jose,," Costa Rica",41.43,62.82,19.37,66.54,49.73,39.41,0.0082525629,0.0080206884
Reno," NV"," United States",47.6,62.75,31.98,55.85,67.85,97.3,0.0059583307,0.0056140122
Sharjah,," United Arab Emirates",46.32,62.75,29.39,55.77,43.26,112.18,0.0092307099,0.0086030293
Limassol,," Cyprus",41.74,62.63,20.2,52.97,66.19,92.17,0.006394966,0.005828528
Heraklion,," Greece",36.77,62.54,10.19,56.69,56.83,52.8,0.0065075489,0.0039214076
Thessaloniki,," Greece",36.84,62.2,10.7,50.66,59.25,44.31,0.0083751884,0.0066983277
Amman,," Jordan",38.85,62.03,14.96,54.76,58.22,37.1,0.0079737752,0.0073229414
Manama,," Bahrain",45.3,60.68,29.45,60.98,54.76,75.45,0.0023866879,0.002022441
Kaohsiung,," Taiwan",36.01,60.51,10.75,72.9,24.31,114.38,0.0308652795,0.0275283257
Valencia,," Spain",39.19,59.16,18.6,50.76,57.79,81.71,0.0041419794,0.0038359812
Buenos Aires,," Argentina",37.85,58.82,16.23,51.48,56.77,50.94,0.0051176258,0.0047657415
Rio De Janeiro,," Brazil",40.86,58.43,22.74,47.02,46.86,33.68,0.0070867237,0.0063490381
Sao Paulo,," Brazil",39.29,58.07,19.93,46.75,48.63,36.68,0.0062578366,0.0060759533
Campinas,," Brazil",36.17,57.97,13.69,46.96,44.39,55.63,0.0033687897,0.0031659598
Malaga,," Spain",38.76,57.64,19.29,47.94,56.68,84.51,0.0048783285,0.004758728
Tallinn,," Estonia",37.1,57.45,16.11,44.73,57.92,62.36,0.0062153933,0.0059899971
Rijeka,," Croatia",34.78,57.26,11.61,49.86,43.71,42.67,0.0049393318,0.0044429577
Split,," Croatia",35.47,57.26,13,50.68,51.48,47.32,0.0050129164,0.0043596063
Granada,," Spain",35.85,56.89,14.16,51.56,48.33,79.88,0.0035498715,0.0027549545
Sevilla,," Spain",38.5,56.49,19.96,50.08,52.62,73.77,0.0029602427,0.0029415381
Brasilia,," Brazil",36.15,56.14,15.55,47.68,46.08,37.65,0.0054534738,0.0054383667
Shanghai,," China",47.02,55.96,37.81,63.59,39.6,62.84,0.0105483547,0.0060459986
Lisbon,," Portugal",40.75,55.94,25.08,46.75,48.16,55.22,0.0044414227,0.0035372686
Recife,," Brazil",34.71,55.91,12.85,50.49,41.71,36.38,0.0057674254,0.0055587753
Patras,," Greece",32.78,55.85,9,47.11,53.87,58.61,0.0060815873,0.0042416377
Zagreb,," Croatia",34.99,55.84,13.49,49.38,43.02,58.91,0.0031742844,0.0028568396
Cordoba,," Argentina",33.72,55.79,10.96,49.35,49.92,48.99,0.0050345903,0.004044242
Muscat,," Oman",42.19,55.4,28.56,51.84,56.91,95.7,0.005086937,0.0047145956
Irbil,," Iraq",36,55.36,16.03,46.87,56.19,39.83,0.0075312005,0.0074263085
Phuket,," Thailand",34.81,55.08,13.9,60.64,26.92,39.72,0.0128024922,0.0126839672
Santiago,," Chile",36.17,55.01,16.75,49.17,51.38,46.27,0.0047242077,0.0046640067
Makati,," Philippines",41.21,54.67,27.34,59.93,32.23,42.77,0.010967925,0.009348173
Santa Cruz De Tenerife,," Spain",35.93,54.66,16.62,46.85,55.47,81.53,0.0050329161,0.0046808444
Porto Alegre,," Brazil",34.52,54.54,13.87,45.96,41.83,41.31,0.0046158067,0.0045792589
Harare,," Zimbabwe",35.05,54.52,14.98,48.17,40.49,21.74,0.0086321263,0.0086263285
Santo Domingo,," Dominican Republic",33.88,54.17,12.95,47.65,49.69,22.44,0.0098020264,0.0096195107
Bangkok,," Thailand",39.64,54.15,24.69,63.28,25.35,39.66,0.0163363405,0.0153183487
Porto,," Portugal",36.23,53.77,18.14,46.12,42.47,58.5,0.0030897591,0.0030524643
Vilnius,," Lithuania",35.16,53.26,16.51,42.73,47.01,48.59,0.0047143084,0.0047084862
Riga,," Latvia",33.84,52.91,14.18,42.18,46.74,46.77,0.0050047365,0.0049709175
Coimbra,," Portugal",33.4,52.59,13.62,45.69,40.37,64.23,0.003181753,0.0030409669
Tartu,," Estonia",33.71,52.4,14.43,41.83,49.1,66.49,0.0046906911,0.0045496202
Bratislava,," Slovakia",36.59,52.35,20.35,48.1,39.34,63.59,0.0032205736,0.003022175
Florianopolis,," Brazil",33.59,52.18,14.42,41.98,42.34,34.58,0.0059854941,0.0059785746
Ad Dammam,," Saudi Arabia",32.57,52.16,12.37,46.92,32.72,124.08,0.0174858459,0.0166661596
Phnom Penh,," Cambodia",35.7,51.97,18.94,57.8,25.1,21.15,0.0160987027,0.0156871794
Dar Es Salaam,," Tanzania",38.84,51.94,25.33,38.81,34.51,16.12,0.0133437642,0.0092851196
Jeddah (Jiddah),," Saudi Arabia",33.98,51.93,15.47,43.53,32.99,98.53,0.0087302599,0.0087084125
Addis Ababa,," Ethiopia",37.33,51.69,22.52,46.34,23.65,13.03,0.0153785306,0.0125770488
Belo Horizonte,," Brazil",32.56,51.63,12.91,42.08,39.34,30.85,0.0063034915,0.0063034779
Braga,," Portugal",32.06,51.49,12.02,44.09,35.8,56.79,0.0036112838,0.0035015853
Shenzhen,," China",38.06,51.44,24.25,56.04,32.73,72.73,0.0066528406,0.0060998204
Baghdad,," Iraq",33.52,51.41,15.08,46.83,43.7,47.2,0.0039100559,0.0038811649
Al Khobar,," Saudi Arabia",33.51,51.36,15.12,47.22,33.67,135.53,0.021655844,0.0211884105
San Salvador,," El Salvador",31.78,51.19,11.77,51.25,37.85,24.94,0.0085767581,0.0083987532
Guayaquil,," Ecuador",32.66,51.17,13.58,47.48,37.93,31.04,0.0063966893,0.0063882317
Kaunas,," Lithuania",31.11,51.08,10.52,41.34,44.05,47.89,0.004887935,0.0045668685
Prague,," Czech Republic",36.75,50.87,22.19,45.88,36.59,67.23,0.0041040847,0.0034361791
Curitiba,," Brazil",31.81,50.86,12.16,40.9,41.68,43.74,0.004798538,0.0047442566
Moscow,," Russia",41.72,50.74,32.41,40.37,54.24,51.46,0.0113552071,0.0072353295
Kosice,," Slovakia",33.13,50.6,15.11,46.73,30.46,51.54,0.0047926418,0.0047664268
Riyadh,," Saudi Arabia",33.92,50.38,16.94,44.23,34.94,113.64,0.012516259,0.0124876202
Las Palmas,," Spain",33.81,50.18,16.93,44.24,49.45,72.51,0.0040236732,0.0039813802
Pretoria,," South Africa",32.74,49.89,15.06,43.49,43.4,90.54,0.0058186389,0.0056469199
Quito,," Ecuador",32.3,49.84,14.22,50.57,37.06,29.91,0.0071851744,0.0071759173
Jakarta,," Indonesia",35.8,49.44,21.74,55.49,27.68,35.1,0.0110994478,0.0102785268
Petaling Jaya,," Malaysia",30.67,48.72,12.07,59.09,22.34,56.2,0.013114669,0.0128200528
Budapest,," Hungary",32.63,48.64,16.13,39.62,36,47.17,0.004437579,0.0042233068
Guatemala City,," Guatemala",32.58,48.57,16.1,46.53,37.11,40.26,0.0048350385,0.0047879772
Penang,," Malaysia",29.43,48.13,10.15,56.59,25.17,61.43,0.0103620283,0.0096908303
Johannesburg,," South Africa",34.21,48.1,19.89,42.49,44.33,104.97,0.0090556245,0.0090445139
Osijek,," Croatia",27.89,47.98,7.17,41.88,33.68,52.9,0.004480369,0.003860522
Brno,," Czech Republic",32.42,47.67,16.69,43.94,32.88,65.2,0.0040457118,0.003960181
Johor Bahru,," Malaysia",29.38,47.6,10.59,60.4,23.05,41.41,0.014934987,0.0144759266
Chiang Mai,," Thailand",29.88,47.5,11.72,60.84,22.82,28.14,0.0174446044,0.0172651234
Beijing,," China",40.98,47.47,34.29,49.34,35.53,75.5,0.0091183579,0.004178943
Istanbul,," Turkey",31.65,47.42,15.39,42.43,35.12,48.69,0.0040241165,0.0039534694
Kota Kinabalu,," Malaysia",28.1,47.02,8.6,57.47,23.36,38.2,0.0135436974,0.0128989648
Pattaya,," Thailand",32.27,47.02,17.05,53.16,29.3,22.82,0.0114100083,0.0112099998
Cape Town,," South Africa",37.15,46.95,27.06,42.24,42.68,78.12,0.0060984045,0.0043123918
Kuala Lumpur,," Malaysia",32.23,46.67,17.35,49.88,28.78,68.39,0.0059310648,0.0058787385
Saint Petersburg,," Russia",33.2,46.66,19.33,39.01,46.68,46.63,0.0062020479,0.0058191032
Warsaw,," Poland",33.56,46.32,20.42,37.86,39.58,67.94,0.0052149152,0.0045530286
Lima,," Peru",32.56,46.2,18.5,43.24,34.7,35.35,0.0060322676,0.0054388211
Guangzhou,," China",32.14,45.28,18.6,46.84,28.8,69.15,0.0056379798,0.0053827574
Bali,," Indonesia",27,45.08,8.35,52.25,25.27,25.3,0.0119082894,0.0115851233
Ulaanbaatar,," Mongolia",31.35,44.95,17.33,43.45,29.3,29.97,0.0074985589,0.0068523247
Gdansk,," Poland",30.24,44.92,15.1,35.33,35.43,68.69,0.005234099,0.0051296581
Selangor,," Malaysia",27.72,44.81,10.11,51.21,20.33,84.16,0.0126480757,0.0121855256
Hanoi,," Vietnam",30.33,44.77,15.45,43.69,24.2,19.51,0.0105539559,0.0099459663
Cuenca,," Ecuador",27.79,44.51,10.55,46.4,28.99,33.91,0.0068922149,0.0068406428
Durban,," South Africa",30.14,44.5,15.34,39.04,40.28,83.21,0.0057745629,0.00577183
Wroclaw,," Poland",31.03,44.39,17.27,37.03,37.09,58.58,0.0046702052,0.0043290285
Debrecen,," Hungary",27.09,44.35,9.3,38.71,31.82,38.08,0.0052009591,0.0051602521
Nairobi,," Kenya",29.13,44.15,13.66,42.8,35.64,22.27,0.0079869361,0.0079278934
Krakow (Cracow),," Poland",30.73,44.1,16.94,36.13,35.59,67.86,0.0051460091,0.0048590782
Ho Chi Minh City,," Vietnam",31,44.06,17.54,49.01,21.11,33.18,0.011015062,0.0103623215
Gdynia,," Poland",28.57,43.79,12.88,36.82,34.21,63.58,0.0044622312,0.0044595378
Olomouc,," Czech Republic",28.14,43.74,12.05,42.36,29.58,70.25,0.0049793018,0.0049362761
Cebu,," Philippines",28.07,43.57,12.09,45.73,24.44,21.97,0.0100262604,0.0099730049
Podgorica,," Montenegro",27.65,43.48,11.33,36.48,36.03,43.96,0.0049143779,0.0049141594
Bydgoszcz,," Poland",28.75,43.3,13.75,35.28,36.28,56.7,0.00474512,0.0046919447
Poznan,," Poland",28.88,43.29,14.03,37.26,35.33,62.53,0.0043439232,0.0043170794
Ostrava,," Czech Republic",26.89,43.2,10.07,39.47,30.57,67.9,0.0047988034,0.0046697178
Ankara,," Turkey",25.88,43.18,8.05,39.63,32.59,52.67,0.0043637114,0.0040596598
Tehran,," Iran",31.95,42.67,20.89,40.02,32.72,36.85,0.0068174832,0.0052512808
Rabat,," Morocco",27.54,42.62,11.99,39.14,26.74,36.19,0.0059235905,0.0058398401
Manila,," Philippines",31.2,42.59,19.46,40.91,27.72,39.66,0.0067733973,0.0054714122
Lodz,," Poland",27.5,42.58,11.96,34.4,33.61,59.73,0.0048444517,0.0048385053
Surabaya,," Indonesia",25.97,42.58,8.85,49.19,19.25,29.89,0.0118472955,0.0117807301
Bucharest,," Romania",27.82,42.28,12.91,35.5,38.81,50.74,0.0050230733,0.005014024
Szczecin,," Poland",27.21,42.21,11.76,34.7,32.29,55.8,0.0046956224,0.0046835657
Kigali,," Rwanda",27.9,42.06,13.31,33.99,29.58,24.21,0.0078934802,0.0074128308
Yekaterinburg,," Russia",27.08,41.93,11.76,37.88,35.4,44.02,0.0046555209,0.0046555116
Sarajevo,," Bosnia And Herzegovina",25.75,41.89,9.1,36.48,30.47,42.32,0.0049465812,0.004926861
Sofia,," Bulgaria",26.89,41.76,11.55,37.17,32.5,51.44,0.0043265711,0.0043262638
Izmir,," Turkey",25.36,41.69,8.53,38.49,29.08,43.99,0.00489611,0.0048226311
Belgrade,," Serbia",26.49,41.52,10.99,31.44,38.05,34.83,0.0074446171,0.0074175285
Antalya,," Turkey",24.38,41.27,6.96,36.99,29.47,50.86,0.0047765784,0.0045376372
Bursa,," Turkey",24.25,41.2,6.77,36.96,28.29,55.71,0.004919289,0.0046457983
Lublin,," Poland",27.87,41.13,14.2,33.97,31.92,50.16,0.0051288247,0.0048603797
Monterrey,," Mexico",26.73,40.8,12.23,38.81,38.31,76.85,0.0051205447,0.0050043938
Mexico City,," Mexico",29.38,40.77,17.64,39,36.19,54.57,0.0043412726,0.0039632512
Katowice,," Poland",26.03,40.31,11.3,33.87,30.72,74.06,0.0061952893,0.0061940208
Algiers,," Algeria",24.99,40.25,9.26,42.91,26.67,28.61,0.0074589856,0.0074369825
Varna,," Bulgaria",24.4,40.18,8.13,36.77,32.69,43.91,0.0048684082,0.0047432966
Lagos,," Nigeria",29.28,39.86,18.37,41.47,20.83,19.04,0.0120591501,0.0102467543
Cluj-napoca,," Romania",26.36,39.79,12.51,34.83,31.6,50.24,0.0047783246,0.0047049915
Astana,," Kazakhstan",27.99,39.45,16.19,33.98,41.37,36.81,0.0075791111,0.0071726772
Novosibirsk,," Russia",26.08,39.43,12.32,36.1,32.49,40.85,0.0051304347,0.0050658311
Banja Luka,," Bosnia And Herzegovina",23.26,39.28,6.75,33.45,27.43,42.4,0.0053793576,0.0053186475
Casablanca,," Morocco",27.18,39.22,14.77,36.32,26.28,46.84,0.0055079804,0.0050405716
Colombo,," Sri Lanka",25.48,39.21,11.33,43.32,23.41,22.62,0.009434265,0.0093724197
Timisoara,," Romania",24.59,38.84,9.89,33.8,31.98,52.1,0.0048656927,0.0048622508
Sibiu,," Romania",23.62,38.79,7.97,33.21,32.16,39.29,0.0056521777,0.005620107
Bandung,," Indonesia",22.46,38.74,5.67,47.12,17.24,28.7,0.0121994111,0.0119210677
Plovdiv,," Bulgaria",22.99,38.72,6.77,35.02,29.91,41.87,0.0052429723,0.0051069038
Tirana,," Albania",24.39,38.65,9.7,32.47,30.28,32,0.0064514786,0.0064144471
Medan,," Indonesia",21.86,38.57,4.63,43.23,20.68,39.89,0.0081997305,0.0077053575
Iasi,," Romania",24.13,38.51,9.31,32.17,32.57,45.67,0.0054293922,0.0054284987
Bogota,," Colombia",26.14,38.18,13.71,33.56,27.58,33.71,0.0065828586,0.0060445342
Chengdu,," China",24.88,38.13,11.22,36.53,27.48,69.81,0.0056265298,0.0056259084
Cancun,," Mexico",24.14,38.03,9.82,31.65,37.58,56.32,0.0059934881,0.0059634113
Novi Sad,," Serbia",22.65,37.94,6.88,30.73,27.72,35.97,0.0061459436,0.006140558
Almaty,," Kazakhstan",25.48,37.78,12.8,31.42,37.37,42.26,0.0066358961,0.006509366
Queretaro,," Mexico",23.88,37.59,9.75,36.97,32.48,53.6,0.0043632726,0.0043108663
Skopje,," Macedonia",23.01,37.33,8.26,30.52,27.99,37.51,0.0060588648,0.0060498829
Brasov,," Romania",22.93,36.88,8.56,31.56,30.7,59.73,0.0055361971,0.0055049442
Tijuana,," Mexico",23.27,36.87,9.25,35.46,33.83,43.13,0.005044399,0.0050121404
Caracas,," Venezuela",23.45,36.75,9.74,39.15,34.73,2.96,0.0132583466,0.0132536877
Dhaka,," Bangladesh",21.82,36.56,6.63,35.32,25.78,34.68,0.006028093,0.0059784843
Merida,," Mexico",22.61,36.53,8.27,37.5,28.53,32.08,0.0061100959,0.0060887371
Guadalajara,," Mexico",22.72,36.49,8.53,37.24,32.25,52.24,0.0044527351,0.004307449
Asuncion,," Paraguay",23.71,36.46,10.55,32.08,26.31,31.67,0.0066090532,0.0064235344
Kampala,," Uganda",22.47,36.4,8.11,32.58,25.13,19.34,0.0083911462,0.0083372489
Yogyakarta,," Indonesia",20.95,36.17,5.26,40.1,15.12,29.97,0.0099492729,0.0098828987
Puerto Vallarta,," Mexico",23.51,36.15,10.49,36.4,32.64,53.34,0.004403252,0.004390805
Minsk,," Belarus",24.16,36.11,11.84,30.07,39.17,34.58,0.0082953534,0.008204417
Yerevan,," Armenia",23.12,36.07,9.77,29.56,32.57,31.13,0.0074234525,0.0073551302
Gurgaon,," India",23.37,36.05,10.3,35.31,31.73,98.51,0.0108714684,0.0106539168
Puebla,," Mexico",21.88,35.58,7.75,31.68,30.56,43.28,0.0055554562,0.0055361525
Arad,," Romania",21.96,35.12,8.38,30.37,25.3,60.36,0.0060329097,0.0060327831
Quezon City,," Philippines",21.33,35.03,7.21,32.87,19.64,25.99,0.0077768459,0.0077390469
Kathmandu,," Nepal",19.98,34.89,4.61,33.47,19.83,23.2,0.0081910207,0.0081683527
Nis,," Serbia",19.99,34.55,4.98,27.09,28.29,34.19,0.0071153572,0.0070834189
Medellin,," Colombia",21.9,34.3,9.12,31.56,25.58,29.91,0.0067835601,0.006693967
Islamabad,," Pakistan",21.77,34.06,9.1,31.86,23.75,32.41,0.0065700699,0.0064721532
Craiova,," Romania",20.07,33.71,6,28.93,24.15,50.73,0.0059994551,0.0059769437
Odesa,," Ukraine",22.39,33.6,10.83,24.64,28.77,26.62,0.0092248331,0.0086801769
Chisinau,," Moldova",21.47,33.4,9.18,27.81,23.21,27.77,0.0076579669,0.007367696
Davao,," Philippines",20.22,33.33,6.7,33.26,16.53,27.93,0.0081798139,0.0081473381
Tbilisi,," Georgia",21.97,33.12,10.47,28.09,32.16,26.68,0.0085128545,0.0082998756
Mumbai,," India",27.88,32.93,22.66,35.65,23.74,61.47,0.0085564631,0.0057185972
Baku,," Azerbaijan",22.04,32.77,10.98,29.42,32.71,25.32,0.0084984325,0.0082748911
Delhi,," India",21.44,32.66,9.87,32.63,25.61,67.67,0.0062324592,0.0062319753
Cali,," Colombia",19.89,32.41,6.99,28.66,23.43,36.33,0.0064554264,0.0064366943
Noida,," India",19.87,32.37,6.98,33.82,22.36,85.35,0.0098792341,0.0096579287
Lahore,," Pakistan",19.35,32.29,6,28.98,28.36,45.85,0.0059897597,0.0059394895
Ludhiana,," India",18.33,31.92,4.32,32.07,23.12,53.04,0.0059292801,0.0056929089
Valenzuela,," Philippines",17.59,31.62,3.13,34.76,14.27,31.17,0.0087717014,0.008673452
Kiev,," Ukraine",22.57,31.28,13.59,24.51,24.4,28.42,0.0093964781,0.0079360133
Pune,," India",19.26,30.52,7.64,32.76,21.64,88.48,0.0108768023,0.0107542933
Bangalore,," India",19.98,30.24,9.41,32.95,19.57,86.79,0.0109480832,0.0109451611
Tunis,," Tunisia",18.4,29.93,6.51,28.94,20.42,32.94,0.0068917134,0.0068610411
Thane,," India",19.34,29.83,8.51,31.74,20.03,51.96,0.0062516508,0.006222777
Navi Mumbai,," India",19.72,29.41,9.72,31.29,20.53,73.3,0.0081778845,0.0081569797
Pristina,," Kosovo (Disputed Territory)",19.3,29.4,8.9,26.65,22.28,52.71,0.0067391615,0.0066141248
Karachi,," Pakistan",18.46,29.11,7.48,29.16,21.44,35.72,0.0065982752,0.0065401121
Ahmedabad,," India",17.97,28.95,6.65,31.25,21.09,57.06,0.0062852057,0.0062687198
Chandigarh,," India",17.79,28.94,6.31,30.74,19.97,64.7,0.0072235769,0.0071876724
Chennai,," India",18.1,28.78,7.09,31.45,18.75,71.99,0.0084139689,0.008392621
Goa,," India",18.2,28.52,7.57,30.98,20.94,49.66,0.00606142,0.0060562239
Surat,," India",16.67,28.47,4.5,30.17,21.43,55.55,0.0063764799,0.0062443252
Kolkata,," India",17.79,28.28,6.97,29.91,22.74,47.99,0.0059145473,0.005914546
Dnipropetrovsk,," Ukraine",17.77,28.09,7.13,22.74,20.69,31.03,0.0081595494,0.0078991104
Lucknow (Lakhnau),," India",16.52,28.07,4.6,29,18.03,53.68,0.0069114813,0.0068735371
Jaipur,," India",16.45,27.92,4.62,29.81,16.61,65.05,0.0082290908,0.008147631
Kharkiv,," Ukraine",19.03,27.85,9.94,22.03,19.26,22.54,0.0099062465,0.0088649422
Vadodara,," India",15.76,27.31,3.85,31.5,16.06,67.23,0.0087142225,0.00850527
Nagpur,," India",16.19,27.18,4.86,29.35,19.34,68.56,0.0081027932,0.0079862207
Indore,," India",15.82,27.01,4.28,26.64,16.98,44.2,0.0070224628,0.0070214754
Lviv,," Ukraine",17.87,26.97,8.48,22.66,17.35,22.69,0.0094655077,0.0087341052
Hyderabad,," India",16.69,26.87,6.2,28.95,17.66,65.47,0.0080181849,0.0080122735
Mysore,," India",15.54,26.23,4.52,32.03,13.28,35.53,0.0082029344,0.0082017123
Cairo,," Egypt",15.83,26.19,5.14,23.3,22.47,23.96,0.0086498752,0.0085917658
Visakhapatnam,," India",15.51,25.57,5.14,28.4,16.13,53.78,0.0073386795,0.007336252
Kochi,," India",15.93,25.4,6.18,28.26,14.41,60.04,0.0083044319,0.0082973001
Bhubaneswar,," India",15.06,25.24,4.57,28.87,14.71,52.38,0.0075963348,0.0075879965
Coimbatore,," India",15.37,24.83,5.61,26.31,15.29,47.01,0.0074203338,0.0073888792
Alexandria,," Egypt",14.96,24.54,5.09,23.5,17.66,21.42,0.0089218894,0.0087770418
Mangalore,," India",14.56,23.17,5.68,23.88,12.61,95.97,0.0176383685,0.0176326618
Thiruvananthapuram,," India",13.59,21.75,5.17,23.72,12.12,62.76,0.0097496499,0.0097208004
